{"licenses":[{"name":"","id":0,"url":""}],"info":{"contributor":"","date_created":"","description":"","url":"","version":"","year":""},"categories":[{"id":1,"name":"Car","supercategory":""},{"id":2,"name":"Person","supercategory":""}],"images":[{"id":1,"width":600,"height":412,"file_name":"merlin_173526783_192e498a-5699-411c-b1e5-64fa738eec17-articleLarge.webp","license":0,"flickr_url":"","coco_url":"","date_captured":0},{"id":2,"width":960,"height":720,"file_name":"multivan-2_w960.webp","license":0,"flickr_url":"","coco_url":"","date_captured":0},{"id":3,"width":612,"height":408,"file_name":"istockphoto-1193169086-612x612.jpg","license":0,"flickr_url":"","coco_url":"","date_captured":0},{"id":4,"width":1300,"height":731,"file_name":"80514774-people-walking-riding-bicycle-and-cars-running-on-the-street-in-kolkata-india.jpg","license":0,"flickr_url":"","coco_url":"","date_captured":0},{"id":5,"width":600,"height":338,"file_name":"istanbul-turkey-october-11-2024-600nw-2561947545.webp","license":0,"flickr_url":"","coco_url":"","date_captured":0},{"id":6,"width":1630,"height":815,"file_name":"city-air-pollution-cyclist-mask_-x1650-1-1630x815.jpg","license":0,"flickr_url":"","coco_url":"","date_captured":0},{"id":7,"width":800,"height":534,"file_name":"nyc-intersection-crowded-busy-people-cars-yellow-taxis-iconic-traffic-street-business-manhattan-new-york-city-114460105.webp","license":0,"flickr_url":"","coco_url":"","date_captured":0},{"id":8,"width":760,"height":507,"file_name":"HTZGMNJZ6JCX3PRLU5U7TAJRXY.avif","license":0,"flickr_url":"","coco_url":"","date_captured":0},{"id":9,"width":800,"height":553,"file_name":"urban-evening-scene-people-walking-crosswalk-black-suv-driving-soft-focus-traffic-light-cloudy-sky-dusk-lion-415263134.webp","license":0,"flickr_url":"","coco_url":"","date_captured":0},{"id":10,"width":1024,"height":677,"file_name":"36girlcrossingwidestreet.webp","license":0,"flickr_url":"","coco_url":"","date_captured":0},{"id":11,"width":1024,"height":576,"file_name":"w1024-p16x9-2020-06-21T123149Z_473845416_RC2ODH9FBRPQ_RTRMADP_3_HEALTH-CORONAVIRUS-SPAIN-BORDERS.jpg","license":0,"flickr_url":"","coco_url":"","date_captured":0},{"id":12,"width":600,"height":400,"file_name":"cars-line-on-busy-city-600nw-2659334681.webp","license":0,"flickr_url":"","coco_url":"","date_captured":0},{"id":13,"width":1400,"height":788,"file_name":"22108020763_1ffb094730_o_1.webp","license":0,"flickr_url":"","coco_url":"","date_captured":0},{"id":14,"width":970,"height":646,"file_name":"group-of-cars-driving-down-street-next-to-traffic-light.jpg","license":0,"flickr_url":"","coco_url":"","date_captured":0},{"id":15,"width":450,"height":253,"file_name":"235102036-warsaw-poland-11-april-2024-crowd-of-people-crossing-street-on-traffic-light-zebra-in-the-city-at.jpg","license":0,"flickr_url":"","coco_url":"","date_captured":0},{"id":16,"width":1100,"height":544,"file_name":"de6ec59378d89611a2ec5baedda3e9bb-desktop.webp","license":0,"flickr_url":"","coco_url":"","date_captured":0},{"id":17,"width":560,"height":315,"file_name":"181106-car-free_oslo-mc-340.webp","license":0,"flickr_url":"","coco_url":"","date_captured":0},{"id":18,"width":300,"height":168,"file_name":"images.jfif","license":0,"flickr_url":"","coco_url":"","date_captured":0},{"id":19,"width":1242,"height":828,"file_name":"cc4316b47fd2261fe6785f42585f932a.webp","license":0,"flickr_url":"","coco_url":"","date_captured":0},{"id":20,"width":1300,"height":867,"file_name":"76621489-valencia-spain-august-01-2016-cars-waiting-at-traffic-light-for-pedestrians-to-cross-the-street.jpg","license":0,"flickr_url":"","coco_url":"","date_captured":0},{"id":21,"width":3862,"height":2578,"file_name":"iStock-1356377470.avif","license":0,"flickr_url":"","coco_url":"","date_captured":0},{"id":22,"width":640,"height":360,"file_name":"SR_24.11.14_nondrivers_feature.webp","license":0,"flickr_url":"","coco_url":"","date_captured":0},{"id":23,"width":320,"height":213,"file_name":"download.jfif","license":0,"flickr_url":"","coco_url":"","date_captured":0},{"id":24,"width":800,"height":450,"file_name":"20230615-pie-calle-1.jpg","license":0,"flickr_url":"","coco_url":"","date_captured":0},{"id":25,"width":1920,"height":1080,"file_name":"FRESNO-CITY-COLLEGE-STUDENTS-WALKING.webp","license":0,"flickr_url":"","coco_url":"","date_captured":0},{"id":26,"width":1168,"height":659,"file_name":"03a8a190-a68f-4371-9eeb-679c49e8e46aPlanning-2023-04-image26.jpg","license":0,"flickr_url":"","coco_url":"","date_captured":0}],"annotations":[{"id":1,"image_id":1,"category_id":1,"segmentation":[],"area":718.8875999999999,"bbox":[86.59,205.11,15.09,47.64],"iscrowd":0,"attributes":{"occluded":false,"rotation":0.0}},{"id":2,"image_id":1,"category_id":1,"segmentation":[],"area":1441.2377000000006,"bbox":[85.8,203.52,20.51,70.27],"iscrowd":0,"attributes":{"occluded":false,"rotation":0.0}},{"id":3,"image_id":1,"category_id":2,"segmentation":[],"area":1284.6239999999998,"bbox":[86.5,204.2,19.8,64.88],"iscrowd":0,"attributes":{"occluded":true,"rotation":0.0}},{"id":4,"image_id":1,"category_id":1,"segmentation":[],"area":2192.3199999999993,"bbox":[306.5,201.9,52.7,41.6],"iscrowd":0,"attributes":{"occluded":false,"rotation":0.0}},{"id":5,"image_id":1,"category_id":2,"segmentation":[],"area":678.205000000001,"bbox":[251.32,195.99,12.98,52.25],"iscrowd":0,"attributes":{"occluded":true,"rotation":0.0}},{"id":6,"image_id":1,"category_id":2,"segmentation":[],"area":757.5280000000006,"bbox":[265.9,196.8,21.16,35.8],"iscrowd":0,"attributes":{"occluded":true,"rotation":0.0}},{"id":7,"image_id":1,"category_id":2,"segmentation":[],"area":224.54699999999906,"bbox":[371.42,205.0,8.41,26.7],"iscrowd":0,"attributes":{"occluded":true,"rotation":0.0}},{"id":8,"image_id":1,"category_id":2,"segmentation":[],"area":577.0600000000005,"bbox":[356.2,202.9,18.92,30.5],"iscrowd":0,"attributes":{"occluded":true,"rotation":0.0}},{"id":9,"image_id":1,"category_id":2,"segmentation":[],"area":391.28500000000105,"bbox":[378.08,207.0,13.9,28.15],"iscrowd":0,"attributes":{"occluded":true,"rotation":0.0}},{"id":10,"image_id":1,"category_id":2,"segmentation":[],"area":339.3040000000009,"bbox":[390.9,207.7,13.28,25.55],"iscrowd":0,"attributes":{"occluded":true,"rotation":0.0}},{"id":11,"image_id":1,"category_id":2,"segmentation":[],"area":3357.5849999999996,"bbox":[121.1,186.5,34.65,96.9],"iscrowd":0,"attributes":{"occluded":false,"rotation":0.0}},{"id":12,"image_id":1,"category_id":2,"segmentation":[],"area":3418.1733000000013,"bbox":[156.92,194.53,34.89,97.97],"iscrowd":0,"attributes":{"occluded":false,"rotation":0.0}},{"id":13,"image_id":1,"category_id":2,"segmentation":[],"area":3368.3960000000015,"bbox":[189.0,197.13,34.96,96.35],"iscrowd":0,"attributes":{"occluded":false,"rotation":0.0}},{"id":14,"image_id":1,"category_id":2,"segmentation":[],"area":6519.873600000005,"bbox":[216.76,195.54,39.96,163.16],"iscrowd":0,"attributes":{"occluded":false,"rotation":0.0}},{"id":15,"image_id":1,"category_id":2,"segmentation":[],"area":8265.8082,"bbox":[266.3,193.59,51.82,159.51],"iscrowd":0,"attributes":{"occluded":false,"rotation":0.0}},{"id":16,"image_id":1,"category_id":2,"segmentation":[],"area":2582.7488,"bbox":[310.37,244.59,38.56,66.98],"iscrowd":0,"attributes":{"occluded":true,"rotation":0.0}},{"id":17,"image_id":1,"category_id":2,"segmentation":[],"area":1823.1368000000011,"bbox":[348.71,222.98,27.49,66.32],"iscrowd":0,"attributes":{"occluded":true,"rotation":0.0}},{"id":18,"image_id":1,"category_id":2,"segmentation":[],"area":2801.526500000002,"bbox":[361.39,225.95,41.29,67.85],"iscrowd":0,"attributes":{"occluded":false,"rotation":0.0}},{"id":19,"image_id":1,"category_id":1,"segmentation":[],"area":130.15820000000056,"bbox":[300.09,206.89,13.46,9.67],"iscrowd":0,"attributes":{"occluded":true,"rotation":0.0}},{"id":20,"image_id":1,"category_id":2,"segmentation":[],"area":3036.0913,"bbox":[387.39,220.07,44.11,68.83],"iscrowd":0,"attributes":{"occluded":false,"rotation":0.0}},{"id":21,"image_id":1,"category_id":2,"segmentation":[],"area":5857.975499999994,"bbox":[521.69,194.65,63.57,92.15],"iscrowd":0,"attributes":{"occluded":true,"rotation":0.0}},{"id":22,"image_id":1,"category_id":2,"segmentation":[],"area":10896.544399999997,"bbox":[461.7,242.67,109.48,99.53],"iscrowd":0,"attributes":{"occluded":false,"rotation":0.0}},{"id":23,"image_id":1,"category_id":2,"segmentation":[],"area":4850.542199999999,"bbox":[59.2,193.93,49.46,98.07],"iscrowd":0,"attributes":{"occluded":false,"rotation":0.0}},{"id":24,"image_id":2,"category_id":1,"segmentation":[],"area":456.20100000000036,"bbox":[451.77,504.7,26.37,17.3],"iscrowd":0,"attributes":{"occluded":true,"rotation":0.0}},{"id":25,"image_id":2,"category_id":1,"segmentation":[],"area":78237.80999999997,"bbox":[473.1,394.1,329.7,237.3],"iscrowd":0,"attributes":{"occluded":false,"rotation":0.0}},{"id":26,"image_id":3,"category_id":1,"segmentation":[],"area":17358.4885,"bbox":[387.0,153.95,119.59,145.15],"iscrowd":0,"attributes":{"occluded":true,"rotation":0.0}},{"id":27,"image_id":3,"category_id":1,"segmentation":[],"area":258.02800000000025,"bbox":[380.9,172.6,25.1,10.28],"iscrowd":0,"attributes":{"occluded":true,"rotation":0.0}},{"id":28,"image_id":3,"category_id":1,"segmentation":[],"area":153.55760000000012,"bbox":[341.58,165.5,16.13,9.52],"iscrowd":0,"attributes":{"occluded":true,"rotation":0.0}},{"id":29,"image_id":3,"category_id":1,"segmentation":[],"area":2445.0137999999984,"bbox":[344.25,172.3,48.57,50.34],"iscrowd":0,"attributes":{"occluded":true,"rotation":0.0}},{"id":30,"image_id":3,"category_id":1,"segmentation":[],"area":2691.2178,"bbox":[266.49,144.6,93.51,28.78],"iscrowd":0,"attributes":{"occluded":true,"rotation":0.0}},{"id":31,"image_id":3,"category_id":1,"segmentation":[],"area":9781.659999999996,"bbox":[380.7,151.3,128.2,76.3],"iscrowd":0,"attributes":{"occluded":true,"rotation":0.0}},{"id":32,"image_id":3,"category_id":1,"segmentation":[],"area":4698.863399999998,"bbox":[290.04,158.51,66.66,70.49],"iscrowd":0,"attributes":{"occluded":true,"rotation":0.0}},{"id":33,"image_id":3,"category_id":1,"segmentation":[],"area":1598.0349000000012,"bbox":[294.57,170.52,25.41,62.89],"iscrowd":0,"attributes":{"occluded":true,"rotation":0.0}},{"id":34,"image_id":3,"category_id":1,"segmentation":[],"area":3654.1440000000016,"bbox":[266.4,150.38,39.04,93.6],"iscrowd":0,"attributes":{"occluded":true,"rotation":0.0}},{"id":35,"image_id":3,"category_id":1,"segmentation":[],"area":7553.642200000002,"bbox":[221.47,140.66,63.83,118.34],"iscrowd":0,"attributes":{"occluded":true,"rotation":0.0}},{"id":36,"image_id":3,"category_id":1,"segmentation":[],"area":2499.7768,"bbox":[220.33,143.03,31.03,80.56],"iscrowd":0,"attributes":{"occluded":true,"rotation":0.0}},{"id":37,"image_id":3,"category_id":1,"segmentation":[],"area":30645.372499999994,"bbox":[147.33,86.75,103.27,296.75],"iscrowd":0,"attributes":{"occluded":true,"rotation":0.0}},{"id":38,"image_id":3,"category_id":1,"segmentation":[],"area":92375.088,"bbox":[1.52,7.9,230.88,400.1],"iscrowd":0,"attributes":{"occluded":true,"rotation":0.0}},{"id":39,"image_id":3,"category_id":1,"segmentation":[],"area":50255.681000000004,"bbox":[451.49,94.9,160.51,313.1],"iscrowd":0,"attributes":{"occluded":true,"rotation":0.0}},{"id":40,"image_id":4,"category_id":2,"segmentation":[],"area":25179.377999999997,"bbox":[185.96,411.95,97.86,257.3],"iscrowd":0,"attributes":{"occluded":false,"rotation":0.0}},{"id":41,"image_id":4,"category_id":1,"segmentation":[],"area":1116.5938999999992,"bbox":[655.17,359.8,32.87,33.97],"iscrowd":0,"attributes":{"occluded":true,"rotation":0.0}},{"id":42,"image_id":4,"category_id":1,"segmentation":[],"area":559.2383999999987,"bbox":[686.86,376.57,31.92,17.52],"iscrowd":0,"attributes":{"occluded":true,"rotation":0.0}},{"id":43,"image_id":4,"category_id":1,"segmentation":[],"area":157.52380000000005,"bbox":[753.19,356.3,30.41,5.18],"iscrowd":0,"attributes":{"occluded":true,"rotation":0.0}},{"id":44,"image_id":4,"category_id":1,"segmentation":[],"area":511.4076000000004,"bbox":[882.8,354.7,34.98,14.62],"iscrowd":0,"attributes":{"occluded":true,"rotation":0.0}},{"id":45,"image_id":4,"category_id":1,"segmentation":[],"area":6162.479999999997,"bbox":[740.6,360.0,64.8,95.1],"iscrowd":0,"attributes":{"occluded":true,"rotation":0.0}},{"id":46,"image_id":4,"category_id":1,"segmentation":[],"area":3567.584999999997,"bbox":[907.45,349.6,64.05,55.7],"iscrowd":0,"attributes":{"occluded":false,"rotation":0.0}},{"id":47,"image_id":4,"category_id":1,"segmentation":[],"area":3407.8199999999993,"bbox":[999.4,351.9,51.4,66.3],"iscrowd":0,"attributes":{"occluded":true,"rotation":0.0}},{"id":48,"image_id":4,"category_id":1,"segmentation":[],"area":6982.9680000000035,"bbox":[1078.07,358.7,68.73,101.6],"iscrowd":0,"attributes":{"occluded":true,"rotation":0.0}},{"id":49,"image_id":4,"category_id":1,"segmentation":[],"area":23215.259000000013,"bbox":[774.93,365.0,149.95,154.82],"iscrowd":0,"attributes":{"occluded":false,"rotation":0.0}},{"id":50,"image_id":4,"category_id":1,"segmentation":[],"area":15897.622000000003,"bbox":[1009.9,363.52,123.4,128.83],"iscrowd":0,"attributes":{"occluded":false,"rotation":0.0}},{"id":51,"image_id":4,"category_id":2,"segmentation":[],"area":3197.3100000000036,"bbox":[617.04,364.5,32.46,98.5],"iscrowd":0,"attributes":{"occluded":true,"rotation":0.0}},{"id":52,"image_id":4,"category_id":2,"segmentation":[],"area":249.65999999999988,"bbox":[690.45,363.34,11.4,21.9],"iscrowd":0,"attributes":{"occluded":true,"rotation":0.0}},{"id":53,"image_id":4,"category_id":2,"segmentation":[],"area":998.8640000000053,"bbox":[696.3,359.94,19.15,52.16],"iscrowd":0,"attributes":{"occluded":true,"rotation":0.0}},{"id":54,"image_id":4,"category_id":2,"segmentation":[],"area":463.70999999999884,"bbox":[975.58,352.77,12.3,37.7],"iscrowd":0,"attributes":{"occluded":true,"rotation":0.0}},{"id":55,"image_id":4,"category_id":2,"segmentation":[],"area":2299.059999999996,"bbox":[1207.7,364.6,27.8,82.7],"iscrowd":0,"attributes":{"occluded":false,"rotation":0.0}},{"id":56,"image_id":4,"category_id":2,"segmentation":[],"area":30471.021000000004,"bbox":[271.9,377.99,107.1,284.51],"iscrowd":0,"attributes":{"occluded":false,"rotation":0.0}},{"id":57,"image_id":4,"category_id":2,"segmentation":[],"area":24742.464000000014,"bbox":[428.9,373.58,99.2,249.42],"iscrowd":0,"attributes":{"occluded":false,"rotation":0.0}},{"id":58,"image_id":4,"category_id":2,"segmentation":[],"area":20796.205600000023,"bbox":[551.16,375.43,87.28,238.27],"iscrowd":0,"attributes":{"occluded":false,"rotation":0.0}},{"id":59,"image_id":5,"category_id":2,"segmentation":[],"area":14541.8923,"bbox":[18.3,172.77,88.01,165.23],"iscrowd":0,"attributes":{"occluded":false,"rotation":0.0}},{"id":60,"image_id":5,"category_id":1,"segmentation":[],"area":858.4422000000001,"bbox":[507.92,168.63,65.58,13.09],"iscrowd":0,"attributes":{"occluded":true,"rotation":0.0}},{"id":61,"image_id":5,"category_id":1,"segmentation":[],"area":7728.436500000001,"bbox":[296.74,159.29,129.65,59.61],"iscrowd":0,"attributes":{"occluded":false,"rotation":0.0}},{"id":62,"image_id":5,"category_id":1,"segmentation":[],"area":13335.2527,"bbox":[96.65,177.89,180.67,73.81],"iscrowd":0,"attributes":{"occluded":true,"rotation":0.0}},{"id":63,"image_id":5,"category_id":1,"segmentation":[],"area":9553.059999999996,"bbox":[454.75,174.8,138.05,69.2],"iscrowd":0,"attributes":{"occluded":true,"rotation":0.0}},{"id":64,"image_id":5,"category_id":2,"segmentation":[],"area":329.66999999999985,"bbox":[1.82,173.24,9.9,33.3],"iscrowd":0,"attributes":{"occluded":false,"rotation":0.0}},{"id":65,"image_id":5,"category_id":2,"segmentation":[],"area":143.3699999999998,"bbox":[98.09,167.06,8.1,17.7],"iscrowd":0,"attributes":{"occluded":false,"rotation":0.0}},{"id":66,"image_id":5,"category_id":2,"segmentation":[],"area":86.72999999999976,"bbox":[461.81,164.41,5.9,14.7],"iscrowd":0,"attributes":{"occluded":true,"rotation":0.0}},{"id":67,"image_id":5,"category_id":2,"segmentation":[],"area":273.71000000000055,"bbox":[466.21,166.11,10.1,27.1],"iscrowd":0,"attributes":{"occluded":true,"rotation":0.0}},{"id":68,"image_id":5,"category_id":2,"segmentation":[],"area":103.23400000000068,"bbox":[497.53,164.88,7.27,14.2],"iscrowd":0,"attributes":{"occluded":true,"rotation":0.0}},{"id":69,"image_id":5,"category_id":2,"segmentation":[],"area":46.61999999999985,"bbox":[503.73,165.8,4.2,11.1],"iscrowd":0,"attributes":{"occluded":true,"rotation":0.0}},{"id":70,"image_id":5,"category_id":2,"segmentation":[],"area":94.90000000000015,"bbox":[486.02,168.96,7.3,13.0],"iscrowd":0,"attributes":{"occluded":true,"rotation":0.0}},{"id":71,"image_id":5,"category_id":2,"segmentation":[],"area":238.7007999999996,"bbox":[481.82,163.3,12.08,19.76],"iscrowd":0,"attributes":{"occluded":true,"rotation":0.0}},{"id":72,"image_id":5,"category_id":2,"segmentation":[],"area":17.30399999999993,"bbox":[539.3,165.3,5.6,3.09],"iscrowd":0,"attributes":{"occluded":true,"rotation":0.0}},{"id":73,"image_id":5,"category_id":2,"segmentation":[],"area":37.11999999999994,"bbox":[550.9,162.19,6.4,5.8],"iscrowd":0,"attributes":{"occluded":true,"rotation":0.0}},{"id":74,"image_id":5,"category_id":2,"segmentation":[],"area":72.20999999999951,"bbox":[574.97,164.96,8.3,8.7],"iscrowd":0,"attributes":{"occluded":true,"rotation":0.0}},{"id":75,"image_id":5,"category_id":2,"segmentation":[],"area":117.99000000000088,"bbox":[583.37,166.5,5.7,20.7],"iscrowd":0,"attributes":{"occluded":true,"rotation":0.0}},{"id":76,"image_id":5,"category_id":2,"segmentation":[],"area":119.21400000000004,"bbox":[590.4,164.5,5.37,22.2],"iscrowd":0,"attributes":{"occluded":false,"rotation":0.0}},{"id":77,"image_id":5,"category_id":2,"segmentation":[],"area":100.58000000000087,"bbox":[593.67,162.3,4.7,21.4],"iscrowd":0,"attributes":{"occluded":true,"rotation":0.0}},{"id":78,"image_id":5,"category_id":2,"segmentation":[],"area":3622.033600000001,"bbox":[500.72,174.0,41.48,87.32],"iscrowd":0,"attributes":{"occluded":false,"rotation":0.0}},{"id":79,"image_id":5,"category_id":2,"segmentation":[],"area":5084.960000000006,"bbox":[539.3,173.3,48.8,104.2],"iscrowd":0,"attributes":{"occluded":false,"rotation":0.0}},{"id":80,"image_id":5,"category_id":2,"segmentation":[],"area":1736.597999999998,"bbox":[568.2,278.7,31.8,54.61],"iscrowd":0,"attributes":{"occluded":true,"rotation":0.0}},{"id":81,"image_id":5,"category_id":2,"segmentation":[],"area":14211.42,"bbox":[406.2,164.69,82.0,173.31],"iscrowd":0,"attributes":{"occluded":false,"rotation":0.0}},{"id":82,"image_id":5,"category_id":2,"segmentation":[],"area":16662.25,"bbox":[262.25,155.4,91.25,182.6],"iscrowd":0,"attributes":{"occluded":false,"rotation":0.0}},{"id":83,"image_id":5,"category_id":2,"segmentation":[],"area":14909.597999999998,"bbox":[114.79,162.2,84.81,175.8],"iscrowd":0,"attributes":{"occluded":false,"rotation":0.0}},{"id":84,"image_id":6,"category_id":2,"segmentation":[],"area":13599.2,"bbox":[1025.23,146.74,80.0,169.99],"iscrowd":0,"attributes":{"occluded":true,"rotation":0.0}},{"id":85,"image_id":6,"category_id":1,"segmentation":[],"area":142638.83999999997,"bbox":[132.33,158.4,411.3,346.8],"iscrowd":0,"attributes":{"occluded":false,"rotation":0.0}},{"id":86,"image_id":6,"category_id":1,"segmentation":[],"area":343511.072,"bbox":[487.95,147.34,647.45,530.56],"iscrowd":0,"attributes":{"occluded":true,"rotation":0.0}},{"id":87,"image_id":6,"category_id":2,"segmentation":[],"area":266333.85000000003,"bbox":[0.0,0.0,326.79,815.0],"iscrowd":0,"attributes":{"occluded":true,"rotation":0.0}},{"id":88,"image_id":6,"category_id":1,"segmentation":[],"area":491192.35000000003,"bbox":[1027.31,0.0,602.69,815.0],"iscrowd":0,"attributes":{"occluded":true,"rotation":0.0}},{"id":89,"image_id":6,"category_id":2,"segmentation":[],"area":200988.55300000004,"bbox":[653.3,8.04,279.05,720.26],"iscrowd":0,"attributes":{"occluded":false,"rotation":0.0}},{"id":90,"image_id":7,"category_id":2,"segmentation":[],"area":286.64999999999895,"bbox":[398.6,129.7,9.1,31.5],"iscrowd":0,"attributes":{"occluded":false,"rotation":0.0}},{"id":91,"image_id":7,"category_id":1,"segmentation":[],"area":29.383199999999846,"bbox":[415.79,29.7,6.16,4.77],"iscrowd":0,"attributes":{"occluded":true,"rotation":0.0}},{"id":92,"image_id":7,"category_id":1,"segmentation":[],"area":95.38739999999994,"bbox":[378.01,49.39,11.82,8.07],"iscrowd":0,"attributes":{"occluded":true,"rotation":0.0}},{"id":93,"image_id":7,"category_id":1,"segmentation":[],"area":271.7905000000009,"bbox":[412.59,40.07,16.13,16.85],"iscrowd":0,"attributes":{"occluded":true,"rotation":0.0}},{"id":94,"image_id":7,"category_id":1,"segmentation":[],"area":392.1678000000004,"bbox":[355.96,59.32,19.54,20.07],"iscrowd":0,"attributes":{"occluded":true,"rotation":0.0}},{"id":95,"image_id":7,"category_id":1,"segmentation":[],"area":361.1079999999998,"bbox":[361.98,55.5,15.95,22.64],"iscrowd":0,"attributes":{"occluded":false,"rotation":0.0}},{"id":96,"image_id":7,"category_id":1,"segmentation":[],"area":146.06000000000034,"bbox":[364.82,52.21,13.4,10.9],"iscrowd":0,"attributes":{"occluded":true,"rotation":0.0}},{"id":97,"image_id":7,"category_id":1,"segmentation":[],"area":698.1612000000013,"bbox":[459.78,69.93,25.63,27.24],"iscrowd":0,"attributes":{"occluded":false,"rotation":0.0}},{"id":98,"image_id":7,"category_id":1,"segmentation":[],"area":146.90000000000015,"bbox":[356.87,103.6,22.6,6.5],"iscrowd":0,"attributes":{"occluded":true,"rotation":0.0}},{"id":99,"image_id":7,"category_id":1,"segmentation":[],"area":153.7990000000002,"bbox":[367.57,109.4,18.53,8.3],"iscrowd":0,"attributes":{"occluded":true,"rotation":0.0}},{"id":100,"image_id":7,"category_id":1,"segmentation":[],"area":902.8800000000009,"bbox":[348.2,107.9,26.4,34.2],"iscrowd":0,"attributes":{"occluded":true,"rotation":0.0}},{"id":101,"image_id":7,"category_id":1,"segmentation":[],"area":788.9700000000005,"bbox":[357.64,127.15,28.9,27.3],"iscrowd":0,"attributes":{"occluded":false,"rotation":0.0}},{"id":102,"image_id":7,"category_id":1,"segmentation":[],"area":1313.2734999999993,"bbox":[325.6,123.25,31.01,42.35],"iscrowd":0,"attributes":{"occluded":true,"rotation":0.0}},{"id":103,"image_id":7,"category_id":1,"segmentation":[],"area":362.8500000000001,"bbox":[483.4,107.35,20.5,17.7],"iscrowd":0,"attributes":{"occluded":true,"rotation":0.0}},{"id":104,"image_id":7,"category_id":1,"segmentation":[],"area":617.6628999999998,"bbox":[496.62,114.43,40.03,15.43],"iscrowd":0,"attributes":{"occluded":true,"rotation":0.0}},{"id":105,"image_id":7,"category_id":1,"segmentation":[],"area":3926.104799999999,"bbox":[491.2,128.77,60.56,64.83],"iscrowd":0,"attributes":{"occluded":false,"rotation":0.0}},{"id":106,"image_id":7,"category_id":1,"segmentation":[],"area":1047.3840000000007,"bbox":[270.01,149.42,37.3,28.08],"iscrowd":0,"attributes":{"occluded":true,"rotation":0.0}},{"id":107,"image_id":7,"category_id":1,"segmentation":[],"area":1436.9762000000003,"bbox":[334.42,154.35,39.38,36.49],"iscrowd":0,"attributes":{"occluded":true,"rotation":0.0}},{"id":108,"image_id":7,"category_id":1,"segmentation":[],"area":2380.174999999999,"bbox":[268.75,165.8,50.75,46.9],"iscrowd":0,"attributes":{"occluded":false,"rotation":0.0}},{"id":109,"image_id":7,"category_id":1,"segmentation":[],"area":1928.4929999999981,"bbox":[324.6,168.75,44.1,43.73],"iscrowd":0,"attributes":{"occluded":false,"rotation":0.0}},{"id":110,"image_id":7,"category_id":1,"segmentation":[],"area":5424.8250000000035,"bbox":[1.1,247.42,103.33,52.5],"iscrowd":0,"attributes":{"occluded":false,"rotation":0.0}},{"id":111,"image_id":7,"category_id":1,"segmentation":[],"area":5546.864400000001,"bbox":[61.21,221.09,133.21,41.64],"iscrowd":0,"attributes":{"occluded":false,"rotation":0.0}},{"id":112,"image_id":7,"category_id":1,"segmentation":[],"area":11560.132000000001,"bbox":[89.33,277.9,164.44,70.3],"iscrowd":0,"attributes":{"occluded":false,"rotation":0.0}},{"id":113,"image_id":7,"category_id":1,"segmentation":[],"area":7914.0239999999985,"bbox":[345.21,226.2,143.37,55.2],"iscrowd":0,"attributes":{"occluded":false,"rotation":0.0}},{"id":114,"image_id":7,"category_id":1,"segmentation":[],"area":9207.946000000004,"bbox":[445.0,421.1,114.2,80.63],"iscrowd":0,"attributes":{"occluded":true,"rotation":0.0}},{"id":115,"image_id":7,"category_id":1,"segmentation":[],"area":20284.280000000002,"bbox":[417.46,444.5,226.64,89.5],"iscrowd":0,"attributes":{"occluded":true,"rotation":0.0}},{"id":116,"image_id":7,"category_id":1,"segmentation":[],"area":3800.5503999999996,"bbox":[720.64,486.11,79.36,47.89],"iscrowd":0,"attributes":{"occluded":true,"rotation":0.0}},{"id":117,"image_id":7,"category_id":2,"segmentation":[],"area":312.7574999999999,"bbox":[115.56,192.7,11.15,28.05],"iscrowd":0,"attributes":{"occluded":true,"rotation":0.0}},{"id":118,"image_id":7,"category_id":2,"segmentation":[],"area":450.99600000000027,"bbox":[196.26,194.08,12.39,36.4],"iscrowd":0,"attributes":{"occluded":false,"rotation":0.0}},{"id":119,"image_id":7,"category_id":2,"segmentation":[],"area":312.6199999999992,"bbox":[179.46,162.08,9.8,31.9],"iscrowd":0,"attributes":{"occluded":false,"rotation":0.0}},{"id":120,"image_id":7,"category_id":2,"segmentation":[],"area":319.77000000000004,"bbox":[162.76,160.08,9.9,32.3],"iscrowd":0,"attributes":{"occluded":false,"rotation":0.0}},{"id":121,"image_id":7,"category_id":2,"segmentation":[],"area":314.65000000000026,"bbox":[176.46,145.48,14.5,21.7],"iscrowd":0,"attributes":{"occluded":true,"rotation":0.0}},{"id":122,"image_id":7,"category_id":2,"segmentation":[],"area":304.13999999999993,"bbox":[186.02,136.65,11.1,27.4],"iscrowd":0,"attributes":{"occluded":true,"rotation":0.0}},{"id":123,"image_id":7,"category_id":2,"segmentation":[],"area":427.63420000000053,"bbox":[197.42,151.5,13.58,31.49],"iscrowd":0,"attributes":{"occluded":false,"rotation":0.0}},{"id":124,"image_id":7,"category_id":2,"segmentation":[],"area":293.0000000000001,"bbox":[217.7,137.48,10.0,29.3],"iscrowd":0,"attributes":{"occluded":true,"rotation":0.0}},{"id":125,"image_id":7,"category_id":2,"segmentation":[],"area":167.95350000000042,"bbox":[224.7,143.75,8.91,18.85],"iscrowd":0,"attributes":{"occluded":true,"rotation":0.0}},{"id":126,"image_id":7,"category_id":2,"segmentation":[],"area":175.02680000000066,"bbox":[230.89,138.72,6.94,25.22],"iscrowd":0,"attributes":{"occluded":false,"rotation":0.0}},{"id":127,"image_id":7,"category_id":2,"segmentation":[],"area":130.0199999999999,"bbox":[252.54,123.83,6.6,19.7],"iscrowd":0,"attributes":{"occluded":false,"rotation":0.0}},{"id":128,"image_id":7,"category_id":2,"segmentation":[],"area":257.3353999999998,"bbox":[315.85,127.51,9.26,27.79],"iscrowd":0,"attributes":{"occluded":false,"rotation":0.0}},{"id":129,"image_id":7,"category_id":2,"segmentation":[],"area":343.7580000000002,"bbox":[413.76,120.69,13.8,24.91],"iscrowd":0,"attributes":{"occluded":false,"rotation":0.0}},{"id":130,"image_id":7,"category_id":2,"segmentation":[],"area":283.15500000000003,"bbox":[555.31,119.85,10.75,26.34],"iscrowd":0,"attributes":{"occluded":true,"rotation":0.0}},{"id":131,"image_id":7,"category_id":2,"segmentation":[],"area":179.07999999999947,"bbox":[567.22,125.71,7.4,24.2],"iscrowd":0,"attributes":{"occluded":true,"rotation":0.0}},{"id":132,"image_id":7,"category_id":2,"segmentation":[],"area":238.81500000000116,"bbox":[590.63,133.12,8.7,27.45],"iscrowd":0,"attributes":{"occluded":true,"rotation":0.0}},{"id":133,"image_id":7,"category_id":2,"segmentation":[],"area":180.90799999999808,"bbox":[584.33,144.5,9.23,19.6],"iscrowd":0,"attributes":{"occluded":true,"rotation":0.0}},{"id":134,"image_id":7,"category_id":2,"segmentation":[],"area":485.465599999997,"bbox":[557.44,155.8,14.72,32.98],"iscrowd":0,"attributes":{"occluded":false,"rotation":0.0}},{"id":135,"image_id":7,"category_id":2,"segmentation":[],"area":161.22959999999998,"bbox":[552.8,158.73,5.88,27.42],"iscrowd":0,"attributes":{"occluded":true,"rotation":0.0}},{"id":136,"image_id":7,"category_id":2,"segmentation":[],"area":314.4159999999998,"bbox":[594.63,176.29,18.28,17.2],"iscrowd":0,"attributes":{"occluded":true,"rotation":0.0}},{"id":137,"image_id":7,"category_id":2,"segmentation":[],"area":402.39099999999945,"bbox":[588.88,161.29,11.65,34.54],"iscrowd":0,"attributes":{"occluded":true,"rotation":0.0}},{"id":138,"image_id":7,"category_id":2,"segmentation":[],"area":184.5095999999999,"bbox":[601.46,161.16,9.64,19.14],"iscrowd":0,"attributes":{"occluded":false,"rotation":0.0}},{"id":139,"image_id":7,"category_id":2,"segmentation":[],"area":245.9799999999991,"bbox":[611.1,162.09,10.04,24.5],"iscrowd":0,"attributes":{"occluded":false,"rotation":0.0}},{"id":140,"image_id":7,"category_id":2,"segmentation":[],"area":516.74,"bbox":[263.28,183.57,14.0,36.91],"iscrowd":0,"attributes":{"occluded":false,"rotation":0.0}},{"id":141,"image_id":7,"category_id":2,"segmentation":[],"area":323.28999999999985,"bbox":[363.9,203.83,11.0,29.39],"iscrowd":0,"attributes":{"occluded":false,"rotation":0.0}},{"id":142,"image_id":7,"category_id":2,"segmentation":[],"area":414.09199999999913,"bbox":[361.74,193.68,16.1,25.72],"iscrowd":0,"attributes":{"occluded":true,"rotation":0.0}},{"id":143,"image_id":7,"category_id":2,"segmentation":[],"area":534.0401999999999,"bbox":[420.93,185.64,13.07,40.86],"iscrowd":0,"attributes":{"occluded":false,"rotation":0.0}},{"id":144,"image_id":7,"category_id":2,"segmentation":[],"area":325.47690000000097,"bbox":[454.03,197.61,10.71,30.39],"iscrowd":0,"attributes":{"occluded":true,"rotation":0.0}},{"id":145,"image_id":7,"category_id":2,"segmentation":[],"area":1030.7015999999994,"bbox":[485.1,201.84,26.64,38.69],"iscrowd":0,"attributes":{"occluded":false,"rotation":0.0}},{"id":146,"image_id":7,"category_id":2,"segmentation":[],"area":870.2550000000003,"bbox":[484.83,198.63,23.3,37.35],"iscrowd":0,"attributes":{"occluded":true,"rotation":0.0}},{"id":147,"image_id":7,"category_id":2,"segmentation":[],"area":392.7615999999997,"bbox":[490.99,195.4,12.32,31.88],"iscrowd":0,"attributes":{"occluded":true,"rotation":0.0}},{"id":148,"image_id":7,"category_id":2,"segmentation":[],"area":478.5741000000027,"bbox":[642.27,194.24,11.43,41.87],"iscrowd":0,"attributes":{"occluded":false,"rotation":0.0}},{"id":149,"image_id":7,"category_id":2,"segmentation":[],"area":569.8399999999958,"bbox":[666.94,203.27,13.6,41.9],"iscrowd":0,"attributes":{"occluded":false,"rotation":0.0}},{"id":150,"image_id":7,"category_id":2,"segmentation":[],"area":734.5069999999989,"bbox":[682.45,201.79,17.53,41.9],"iscrowd":0,"attributes":{"occluded":false,"rotation":0.0}},{"id":151,"image_id":7,"category_id":2,"segmentation":[],"area":602.5499999999973,"bbox":[709.35,194.56,15.45,39.0],"iscrowd":0,"attributes":{"occluded":false,"rotation":0.0}},{"id":152,"image_id":7,"category_id":2,"segmentation":[],"area":2600.4060000000045,"bbox":[295.65,322.4,39.58,65.7],"iscrowd":0,"attributes":{"occluded":false,"rotation":0.0}},{"id":153,"image_id":7,"category_id":2,"segmentation":[],"area":2317.7426999999993,"bbox":[323.1,332.15,34.89,66.43],"iscrowd":0,"attributes":{"occluded":false,"rotation":0.0}},{"id":154,"image_id":7,"category_id":2,"segmentation":[],"area":2412.1048000000023,"bbox":[326.84,307.6,39.83,60.56],"iscrowd":0,"attributes":{"occluded":true,"rotation":0.0}},{"id":155,"image_id":7,"category_id":2,"segmentation":[],"area":1687.4279999999967,"bbox":[360.85,322.3,24.67,68.4],"iscrowd":0,"attributes":{"occluded":false,"rotation":0.0}},{"id":156,"image_id":7,"category_id":2,"segmentation":[],"area":1392.4512000000016,"bbox":[375.38,310.95,20.16,69.07],"iscrowd":0,"attributes":{"occluded":true,"rotation":0.0}},{"id":157,"image_id":7,"category_id":2,"segmentation":[],"area":1117.1145000000004,"bbox":[412.7,299.81,18.05,61.89],"iscrowd":0,"attributes":{"occluded":false,"rotation":0.0}},{"id":158,"image_id":7,"category_id":2,"segmentation":[],"area":1141.3980000000006,"bbox":[429.13,478.2,27.57,41.4],"iscrowd":0,"attributes":{"occluded":true,"rotation":0.0}},{"id":159,"image_id":7,"category_id":2,"segmentation":[],"area":938.3149999999971,"bbox":[429.49,496.8,31.54,29.75],"iscrowd":0,"attributes":{"occluded":false,"rotation":0.0}},{"id":160,"image_id":7,"category_id":2,"segmentation":[],"area":4122.114199999997,"bbox":[464.61,470.99,65.42,63.01],"iscrowd":0,"attributes":{"occluded":true,"rotation":0.0}},{"id":161,"image_id":7,"category_id":2,"segmentation":[],"area":2767.920000000001,"bbox":[535.6,473.3,45.6,60.7],"iscrowd":0,"attributes":{"occluded":true,"rotation":0.0}},{"id":162,"image_id":7,"category_id":2,"segmentation":[],"area":1208.6155999999999,"bbox":[552.04,498.04,33.61,35.96],"iscrowd":0,"attributes":{"occluded":true,"rotation":0.0}},{"id":163,"image_id":7,"category_id":2,"segmentation":[],"area":188.4960000000002,"bbox":[571.19,521.68,15.3,12.32],"iscrowd":0,"attributes":{"occluded":true,"rotation":0.0}},{"id":164,"image_id":7,"category_id":2,"segmentation":[],"area":1334.9208000000012,"bbox":[595.5,498.24,37.33,35.76],"iscrowd":0,"attributes":{"occluded":true,"rotation":0.0}},{"id":165,"image_id":7,"category_id":2,"segmentation":[],"area":2310.982799999997,"bbox":[585.45,475.9,49.56,46.63],"iscrowd":0,"attributes":{"occluded":true,"rotation":0.0}},{"id":166,"image_id":7,"category_id":2,"segmentation":[],"area":2614.4934000000053,"bbox":[666.52,398.11,30.18,86.63],"iscrowd":0,"attributes":{"occluded":false,"rotation":0.0}},{"id":167,"image_id":8,"category_id":2,"segmentation":[],"area":11518.8008,"bbox":[309.55,96.28,81.74,140.92],"iscrowd":0,"attributes":{"occluded":true,"rotation":0.0}},{"id":168,"image_id":8,"category_id":1,"segmentation":[],"area":25213.713,"bbox":[214.46,55.3,186.63,135.1],"iscrowd":0,"attributes":{"occluded":true,"rotation":0.0}},{"id":169,"image_id":8,"category_id":1,"segmentation":[],"area":55024.96000000001,"bbox":[529.5,268.28,230.5,238.72],"iscrowd":0,"attributes":{"occluded":true,"rotation":0.0}},{"id":170,"image_id":8,"category_id":1,"segmentation":[],"area":14229.203100000002,"bbox":[23.91,30.44,225.11,63.21],"iscrowd":0,"attributes":{"occluded":true,"rotation":0.0}},{"id":171,"image_id":8,"category_id":1,"segmentation":[],"area":8787.559199999996,"bbox":[381.17,48.09,62.16,141.37],"iscrowd":0,"attributes":{"occluded":true,"rotation":0.0}},{"id":172,"image_id":8,"category_id":1,"segmentation":[],"area":41003.34460000001,"bbox":[390.57,34.6,260.62,157.33],"iscrowd":0,"attributes":{"occluded":true,"rotation":0.0}},{"id":173,"image_id":8,"category_id":1,"segmentation":[],"area":12887.807999999994,"bbox":[676.96,64.0,83.04,155.2],"iscrowd":0,"attributes":{"occluded":true,"rotation":0.0}},{"id":174,"image_id":8,"category_id":1,"segmentation":[],"area":11025.877800000006,"bbox":[707.29,59.72,52.71,209.18],"iscrowd":0,"attributes":{"occluded":true,"rotation":0.0}},{"id":175,"image_id":8,"category_id":1,"segmentation":[],"area":14734.808999999997,"bbox":[2.59,44.7,191.61,76.9],"iscrowd":0,"attributes":{"occluded":true,"rotation":0.0}},{"id":176,"image_id":8,"category_id":1,"segmentation":[],"area":47518.53,"bbox":[0.99,62.32,212.25,223.88],"iscrowd":0,"attributes":{"occluded":true,"rotation":0.0}},{"id":177,"image_id":8,"category_id":1,"segmentation":[],"area":45647.21,"bbox":[90.01,90.18,215.5,211.82],"iscrowd":0,"attributes":{"occluded":true,"rotation":0.0}},{"id":178,"image_id":8,"category_id":1,"segmentation":[],"area":60175.42999999999,"bbox":[0.0,117.24,270.5,222.46],"iscrowd":0,"attributes":{"occluded":false,"rotation":0.0}},{"id":179,"image_id":8,"category_id":1,"segmentation":[],"area":28574.5604,"bbox":[418.82,56.17,191.48,149.23],"iscrowd":0,"attributes":{"occluded":true,"rotation":0.0}},{"id":180,"image_id":8,"category_id":1,"segmentation":[],"area":38087.72109999999,"bbox":[442.99,88.46,254.41,149.71],"iscrowd":0,"attributes":{"occluded":true,"rotation":0.0}},{"id":181,"image_id":8,"category_id":1,"segmentation":[],"area":36844.568800000015,"bbox":[470.57,137.84,209.63,175.76],"iscrowd":0,"attributes":{"occluded":true,"rotation":0.0}},{"id":182,"image_id":8,"category_id":1,"segmentation":[],"area":48018.53580000001,"bbox":[502.03,175.66,257.97,186.14],"iscrowd":0,"attributes":{"occluded":true,"rotation":0.0}},{"id":183,"image_id":8,"category_id":2,"segmentation":[],"area":22697.9192,"bbox":[6.97,332.32,129.94,174.68],"iscrowd":0,"attributes":{"occluded":true,"rotation":0.0}},{"id":184,"image_id":8,"category_id":2,"segmentation":[],"area":16714.6203,"bbox":[112.72,327.87,93.31,179.13],"iscrowd":0,"attributes":{"occluded":true,"rotation":0.0}},{"id":185,"image_id":8,"category_id":2,"segmentation":[],"area":25024.1855,"bbox":[178.67,170.21,97.45,256.79],"iscrowd":0,"attributes":{"occluded":false,"rotation":0.0}},{"id":186,"image_id":8,"category_id":2,"segmentation":[],"area":21912.801900000006,"bbox":[223.51,214.51,102.21,214.39],"iscrowd":0,"attributes":{"occluded":false,"rotation":0.0}},{"id":187,"image_id":8,"category_id":2,"segmentation":[],"area":14591.523600000006,"bbox":[326.7,200.58,64.53,226.12],"iscrowd":0,"attributes":{"occluded":false,"rotation":0.0}},{"id":188,"image_id":8,"category_id":2,"segmentation":[],"area":20442.05380000001,"bbox":[349.84,229.8,103.63,197.26],"iscrowd":0,"attributes":{"occluded":false,"rotation":0.0}},{"id":189,"image_id":8,"category_id":2,"segmentation":[],"area":21567.568700000003,"bbox":[416.31,195.5,94.79,227.53],"iscrowd":0,"attributes":{"occluded":false,"rotation":0.0}},{"id":190,"image_id":9,"category_id":2,"segmentation":[],"area":12791.935599999999,"bbox":[54.64,213.03,72.76,175.81],"iscrowd":0,"attributes":{"occluded":false,"rotation":0.0}},{"id":191,"image_id":9,"category_id":1,"segmentation":[],"area":4450.424,"bbox":[670.79,298.29,113.3,39.28],"iscrowd":0,"attributes":{"occluded":false,"rotation":0.0}},{"id":192,"image_id":9,"category_id":1,"segmentation":[],"area":1409.170800000001,"bbox":[631.05,302.44,41.24,34.17],"iscrowd":0,"attributes":{"occluded":true,"rotation":0.0}},{"id":193,"image_id":9,"category_id":1,"segmentation":[],"area":2872.0646999999994,"bbox":[563.17,305.0,90.63,31.69],"iscrowd":0,"attributes":{"occluded":true,"rotation":0.0}},{"id":194,"image_id":9,"category_id":1,"segmentation":[],"area":5103.9,"bbox":[26.46,295.5,113.42,45.0],"iscrowd":0,"attributes":{"occluded":true,"rotation":0.0}},{"id":195,"image_id":9,"category_id":1,"segmentation":[],"area":26514.485399999998,"bbox":[289.12,261.0,270.86,97.89],"iscrowd":0,"attributes":{"occluded":false,"rotation":0.0}},{"id":196,"image_id":9,"category_id":2,"segmentation":[],"area":3827.278800000002,"bbox":[569.72,257.79,39.23,97.56],"iscrowd":0,"attributes":{"occluded":false,"rotation":0.0}},{"id":197,"image_id":9,"category_id":2,"segmentation":[],"area":5496.996999999999,"bbox":[184.9,246.5,46.31,118.7],"iscrowd":0,"attributes":{"occluded":false,"rotation":0.0}},{"id":198,"image_id":9,"category_id":2,"segmentation":[],"area":5237.390999999998,"bbox":[135.77,255.75,49.62,105.55],"iscrowd":0,"attributes":{"occluded":false,"rotation":0.0}},{"id":199,"image_id":9,"category_id":2,"segmentation":[],"area":3121.818000000001,"bbox":[20.98,264.39,35.85,87.08],"iscrowd":0,"attributes":{"occluded":false,"rotation":0.0}},{"id":200,"image_id":10,"category_id":1,"segmentation":[],"area":36188.670000000006,"bbox":[749.8,274.3,272.3,132.9],"iscrowd":0,"attributes":{"occluded":false,"rotation":0.0}},{"id":201,"image_id":10,"category_id":1,"segmentation":[],"area":4286.156400000003,"bbox":[0.0,298.0,73.62,58.22],"iscrowd":0,"attributes":{"occluded":true,"rotation":0.0}},{"id":202,"image_id":10,"category_id":1,"segmentation":[],"area":10642.104000000007,"bbox":[68.7,288.4,134.37,79.2],"iscrowd":0,"attributes":{"occluded":true,"rotation":0.0}},{"id":203,"image_id":10,"category_id":1,"segmentation":[],"area":16606.62,"bbox":[237.8,295.7,180.9,91.8],"iscrowd":0,"attributes":{"occluded":false,"rotation":0.0}},{"id":204,"image_id":10,"category_id":1,"segmentation":[],"area":8758.122900000002,"bbox":[363.59,294.19,131.09,66.81],"iscrowd":0,"attributes":{"occluded":true,"rotation":0.0}},{"id":205,"image_id":10,"category_id":1,"segmentation":[],"area":12105.987000000006,"bbox":[663.6,280.4,131.73,91.9],"iscrowd":0,"attributes":{"occluded":true,"rotation":0.0}},{"id":206,"image_id":10,"category_id":2,"segmentation":[],"area":26713.778999999984,"bbox":[476.91,234.1,100.39,266.1],"iscrowd":0,"attributes":{"occluded":false,"rotation":0.0}},{"id":207,"image_id":11,"category_id":2,"segmentation":[],"area":35642.698,"bbox":[644.6,299.58,141.4,252.07],"iscrowd":0,"attributes":{"occluded":true,"rotation":0.0}},{"id":208,"image_id":11,"category_id":1,"segmentation":[],"area":1590.8627999999997,"bbox":[273.6,142.76,40.76,39.03],"iscrowd":0,"attributes":{"occluded":false,"rotation":0.0}},{"id":209,"image_id":11,"category_id":1,"segmentation":[],"area":298.83920000000063,"bbox":[338.7,156.1,23.42,12.76],"iscrowd":0,"attributes":{"occluded":true,"rotation":0.0}},{"id":210,"image_id":11,"category_id":1,"segmentation":[],"area":1660.097500000001,"bbox":[410.9,140.87,48.47,34.25],"iscrowd":0,"attributes":{"occluded":false,"rotation":0.0}},{"id":211,"image_id":11,"category_id":1,"segmentation":[],"area":1003.9860000000008,"bbox":[456.9,143.69,30.6,32.81],"iscrowd":0,"attributes":{"occluded":true,"rotation":0.0}},{"id":212,"image_id":11,"category_id":1,"segmentation":[],"area":11607.3252,"bbox":[506.6,168.2,130.89,88.68],"iscrowd":0,"attributes":{"occluded":false,"rotation":0.0}},{"id":213,"image_id":11,"category_id":1,"segmentation":[],"area":4267.263999999999,"bbox":[671.2,157.94,84.4,50.56],"iscrowd":0,"attributes":{"occluded":false,"rotation":0.0}},{"id":214,"image_id":11,"category_id":2,"segmentation":[],"area":520.56,"bbox":[204.5,139.62,12.0,43.38],"iscrowd":0,"attributes":{"occluded":false,"rotation":0.0}},{"id":215,"image_id":11,"category_id":2,"segmentation":[],"area":648.0739999999978,"bbox":[641.6,135.9,15.56,41.65],"iscrowd":0,"attributes":{"occluded":false,"rotation":0.0}},{"id":216,"image_id":11,"category_id":2,"segmentation":[],"area":464.3999999999992,"bbox":[655.4,142.79,12.9,36.0],"iscrowd":0,"attributes":{"occluded":false,"rotation":0.0}},{"id":217,"image_id":11,"category_id":2,"segmentation":[],"area":3581.914199999999,"bbox":[221.25,131.54,43.14,83.03],"iscrowd":0,"attributes":{"occluded":false,"rotation":0.0}},{"id":218,"image_id":11,"category_id":2,"segmentation":[],"area":4735.9410000000025,"bbox":[226.91,155.47,32.7,144.83],"iscrowd":0,"attributes":{"occluded":false,"rotation":0.0}},{"id":219,"image_id":11,"category_id":2,"segmentation":[],"area":4853.292000000001,"bbox":[263.1,181.72,41.06,118.2],"iscrowd":0,"attributes":{"occluded":false,"rotation":0.0}},{"id":220,"image_id":11,"category_id":2,"segmentation":[],"area":5380.421200000003,"bbox":[326.09,180.27,56.21,95.72],"iscrowd":0,"attributes":{"occluded":true,"rotation":0.0}},{"id":221,"image_id":11,"category_id":2,"segmentation":[],"area":7052.873200000003,"bbox":[357.8,184.42,57.49,122.68],"iscrowd":0,"attributes":{"occluded":true,"rotation":0.0}},{"id":222,"image_id":11,"category_id":2,"segmentation":[],"area":26949.708900000005,"bbox":[294.99,263.79,94.67,284.67],"iscrowd":0,"attributes":{"occluded":true,"rotation":0.0}},{"id":223,"image_id":11,"category_id":2,"segmentation":[],"area":34226.290799999995,"bbox":[386.93,246.13,107.64,317.97],"iscrowd":0,"attributes":{"occluded":true,"rotation":0.0}},{"id":224,"image_id":11,"category_id":2,"segmentation":[],"area":27639.798000000006,"bbox":[610.9,432.2,192.21,143.8],"iscrowd":0,"attributes":{"occluded":true,"rotation":0.0}},{"id":225,"image_id":11,"category_id":2,"segmentation":[],"area":36549.62300000001,"bbox":[751.8,367.55,175.34,208.45],"iscrowd":0,"attributes":{"occluded":true,"rotation":0.0}},{"id":226,"image_id":11,"category_id":2,"segmentation":[],"area":19276.333199999983,"bbox":[726.47,271.66,98.58,195.54],"iscrowd":0,"attributes":{"occluded":true,"rotation":0.0}},{"id":227,"image_id":12,"category_id":1,"segmentation":[],"area":126.806,"bbox":[353.42,94.83,14.2,8.93],"iscrowd":0,"attributes":{"occluded":true,"rotation":0.0}},{"id":228,"image_id":12,"category_id":1,"segmentation":[],"area":265.5930000000002,"bbox":[372.5,93.5,19.85,13.38],"iscrowd":0,"attributes":{"occluded":true,"rotation":0.0}},{"id":229,"image_id":12,"category_id":1,"segmentation":[],"area":53.27009999999978,"bbox":[343.19,95.81,4.71,11.31],"iscrowd":0,"attributes":{"occluded":true,"rotation":0.0}},{"id":230,"image_id":12,"category_id":1,"segmentation":[],"area":49.559999999999846,"bbox":[347.3,95.22,5.9,8.4],"iscrowd":0,"attributes":{"occluded":true,"rotation":0.0}},{"id":231,"image_id":12,"category_id":1,"segmentation":[],"area":290.9520000000005,"bbox":[331.21,87.9,13.47,21.6],"iscrowd":0,"attributes":{"occluded":true,"rotation":0.0}},{"id":232,"image_id":12,"category_id":1,"segmentation":[],"area":787.5720000000001,"bbox":[291.4,91.8,30.06,26.2],"iscrowd":0,"attributes":{"occluded":true,"rotation":0.0}},{"id":233,"image_id":12,"category_id":1,"segmentation":[],"area":5180.015999999998,"bbox":[191.4,89.64,62.2,83.28],"iscrowd":0,"attributes":{"occluded":true,"rotation":0.0}},{"id":234,"image_id":12,"category_id":1,"segmentation":[],"area":7524.918599999997,"bbox":[370.3,87.49,92.66,81.21],"iscrowd":0,"attributes":{"occluded":true,"rotation":0.0}},{"id":235,"image_id":12,"category_id":1,"segmentation":[],"area":21610.553,"bbox":[67.41,80.57,159.1,135.83],"iscrowd":0,"attributes":{"occluded":true,"rotation":0.0}},{"id":236,"image_id":12,"category_id":1,"segmentation":[],"area":54662.08,"bbox":[0.0,26.88,146.5,373.12],"iscrowd":0,"attributes":{"occluded":true,"rotation":0.0}},{"id":237,"image_id":12,"category_id":1,"segmentation":[],"area":4148.1846000000005,"bbox":[429.87,80.66,73.89,56.14],"iscrowd":0,"attributes":{"occluded":true,"rotation":0.0}},{"id":238,"image_id":12,"category_id":1,"segmentation":[],"area":59119.236,"bbox":[422.8,66.0,177.2,333.63],"iscrowd":0,"attributes":{"occluded":true,"rotation":0.0}},{"id":239,"image_id":12,"category_id":2,"segmentation":[],"area":2076.551400000002,"bbox":[313.7,80.69,32.34,64.21],"iscrowd":0,"attributes":{"occluded":false,"rotation":0.0}},{"id":240,"image_id":13,"category_id":2,"segmentation":[],"area":36406.503000000004,"bbox":[286.7,320.85,125.9,289.17],"iscrowd":0,"attributes":{"occluded":false,"rotation":0.0}},{"id":241,"image_id":13,"category_id":2,"segmentation":[],"area":18537.875200000002,"bbox":[573.8,206.59,94.12,196.96],"iscrowd":0,"attributes":{"occluded":false,"rotation":0.0}},{"id":242,"image_id":13,"category_id":2,"segmentation":[],"area":5782.039200000001,"bbox":[735.63,108.73,45.36,127.47],"iscrowd":0,"attributes":{"occluded":false,"rotation":0.0}},{"id":243,"image_id":13,"category_id":2,"segmentation":[],"area":9546.737999999998,"bbox":[994.41,135.0,61.15,156.12],"iscrowd":0,"attributes":{"occluded":false,"rotation":0.0}},{"id":244,"image_id":13,"category_id":2,"segmentation":[],"area":9998.092800000026,"bbox":[1090.04,127.18,58.84,169.92],"iscrowd":0,"attributes":{"occluded":false,"rotation":0.0}},{"id":245,"image_id":13,"category_id":2,"segmentation":[],"area":4515.455999999999,"bbox":[207.1,75.1,52.8,85.52],"iscrowd":0,"attributes":{"occluded":true,"rotation":0.0}},{"id":246,"image_id":14,"category_id":1,"segmentation":[],"area":7754.55,"bbox":[70.17,20.3,91.23,85.0],"iscrowd":0,"attributes":{"occluded":false,"rotation":0.0}},{"id":247,"image_id":14,"category_id":1,"segmentation":[],"area":8526.194,"bbox":[170.78,84.2,97.22,87.7],"iscrowd":0,"attributes":{"occluded":false,"rotation":0.0}},{"id":248,"image_id":14,"category_id":1,"segmentation":[],"area":14128.716000000006,"bbox":[269.4,150.9,142.14,99.4],"iscrowd":0,"attributes":{"occluded":false,"rotation":0.0}},{"id":249,"image_id":14,"category_id":1,"segmentation":[],"area":14274.79999999999,"bbox":[400.8,205.8,140.5,101.6],"iscrowd":0,"attributes":{"occluded":false,"rotation":0.0}},{"id":250,"image_id":14,"category_id":1,"segmentation":[],"area":16449.384000000002,"bbox":[432.44,141.7,153.16,107.4],"iscrowd":0,"attributes":{"occluded":false,"rotation":0.0}},{"id":251,"image_id":14,"category_id":1,"segmentation":[],"area":16613.899999999994,"bbox":[607.2,210.8,161.3,103.0],"iscrowd":0,"attributes":{"occluded":false,"rotation":0.0}},{"id":252,"image_id":14,"category_id":1,"segmentation":[],"area":21029.339999999997,"bbox":[458.3,319.1,180.2,116.7],"iscrowd":0,"attributes":{"occluded":false,"rotation":0.0}},{"id":253,"image_id":14,"category_id":1,"segmentation":[],"area":21650.31000000001,"bbox":[542.0,266.9,188.1,115.1],"iscrowd":0,"attributes":{"occluded":false,"rotation":0.0}},{"id":254,"image_id":14,"category_id":1,"segmentation":[],"area":19045.729999999996,"bbox":[263.4,437.0,168.1,113.3],"iscrowd":0,"attributes":{"occluded":false,"rotation":0.0}},{"id":255,"image_id":15,"category_id":1,"segmentation":[],"area":688.6769999999998,"bbox":[221.36,51.23,67.65,10.18],"iscrowd":0,"attributes":{"occluded":true,"rotation":0.0}},{"id":256,"image_id":15,"category_id":1,"segmentation":[],"area":470.1815999999999,"bbox":[256.91,50.23,39.28,11.97],"iscrowd":0,"attributes":{"occluded":true,"rotation":0.0}},{"id":257,"image_id":15,"category_id":1,"segmentation":[],"area":240.0,"bbox":[298.73,45.54,24.0,10.0],"iscrowd":0,"attributes":{"occluded":false,"rotation":0.0}},{"id":258,"image_id":15,"category_id":1,"segmentation":[],"area":190.53200000000015,"bbox":[319.13,48.8,21.8,8.74],"iscrowd":0,"attributes":{"occluded":true,"rotation":0.0}},{"id":259,"image_id":15,"category_id":1,"segmentation":[],"area":505.26000000000005,"bbox":[319.25,51.69,42.0,12.03],"iscrowd":0,"attributes":{"occluded":true,"rotation":0.0}},{"id":260,"image_id":15,"category_id":1,"segmentation":[],"area":682.2706000000007,"bbox":[352.34,51.69,51.26,13.31],"iscrowd":0,"attributes":{"occluded":true,"rotation":0.0}},{"id":261,"image_id":15,"category_id":1,"segmentation":[],"area":173.80000000000013,"bbox":[349.38,46.6,31.6,5.5],"iscrowd":0,"attributes":{"occluded":true,"rotation":0.0}},{"id":262,"image_id":15,"category_id":1,"segmentation":[],"area":416.34180000000026,"bbox":[405.84,48.97,40.11,10.38],"iscrowd":0,"attributes":{"occluded":true,"rotation":0.0}},{"id":263,"image_id":15,"category_id":1,"segmentation":[],"area":81.50850000000021,"bbox":[441.15,53.39,8.85,9.21],"iscrowd":0,"attributes":{"occluded":true,"rotation":0.0}},{"id":264,"image_id":15,"category_id":1,"segmentation":[],"area":3019.333799999999,"bbox":[36.03,53.7,88.13,34.26],"iscrowd":0,"attributes":{"occluded":true,"rotation":0.0}},{"id":265,"image_id":15,"category_id":1,"segmentation":[],"area":18775.2623,"bbox":[49.95,60.17,202.91,92.53],"iscrowd":0,"attributes":{"occluded":true,"rotation":0.0}},{"id":266,"image_id":15,"category_id":1,"segmentation":[],"area":17623.2384,"bbox":[246.78,63.13,203.22,86.72],"iscrowd":0,"attributes":{"occluded":true,"rotation":0.0}},{"id":267,"image_id":15,"category_id":2,"segmentation":[],"area":14079.468,"bbox":[0.0,40.64,66.3,212.36],"iscrowd":0,"attributes":{"occluded":true,"rotation":0.0}},{"id":268,"image_id":15,"category_id":2,"segmentation":[],"area":12771.731,"bbox":[90.09,56.3,64.93,196.7],"iscrowd":0,"attributes":{"occluded":false,"rotation":0.0}},{"id":269,"image_id":15,"category_id":2,"segmentation":[],"area":18512.37809999999,"bbox":[266.73,51.79,94.11,196.71],"iscrowd":0,"attributes":{"occluded":false,"rotation":0.0}},{"id":270,"image_id":15,"category_id":2,"segmentation":[],"area":12096.484600000005,"bbox":[305.27,61.62,66.53,181.82],"iscrowd":0,"attributes":{"occluded":false,"rotation":0.0}},{"id":271,"image_id":15,"category_id":2,"segmentation":[],"area":13808.900999999998,"bbox":[164.78,52.9,69.01,200.1],"iscrowd":0,"attributes":{"occluded":false,"rotation":0.0}},{"id":272,"image_id":15,"category_id":2,"segmentation":[],"area":17302.992,"bbox":[167.75,59.4,89.56,193.2],"iscrowd":0,"attributes":{"occluded":false,"rotation":0.0}},{"id":273,"image_id":16,"category_id":1,"segmentation":[],"area":31607.001199999988,"bbox":[0.0,272.85,297.17,106.36],"iscrowd":0,"attributes":{"occluded":false,"rotation":0.0}},{"id":274,"image_id":16,"category_id":1,"segmentation":[],"area":25129.80360000001,"bbox":[300.16,276.13,255.54,98.34],"iscrowd":0,"attributes":{"occluded":false,"rotation":0.0}},{"id":275,"image_id":16,"category_id":1,"segmentation":[],"area":22002.461999999985,"bbox":[567.98,281.1,233.82,94.1],"iscrowd":0,"attributes":{"occluded":false,"rotation":0.0}},{"id":276,"image_id":16,"category_id":1,"segmentation":[],"area":33716.65919999999,"bbox":[802.36,268.5,297.64,113.28],"iscrowd":0,"attributes":{"occluded":false,"rotation":0.0}},{"id":277,"image_id":16,"category_id":2,"segmentation":[],"area":254.80000000000013,"bbox":[212.15,271.96,10.4,24.5],"iscrowd":0,"attributes":{"occluded":true,"rotation":0.0}},{"id":278,"image_id":16,"category_id":2,"segmentation":[],"area":554.2099999999998,"bbox":[222.25,268.46,15.7,35.3],"iscrowd":0,"attributes":{"occluded":true,"rotation":0.0}},{"id":279,"image_id":16,"category_id":2,"segmentation":[],"area":408.0,"bbox":[236.95,271.17,12.0,34.0],"iscrowd":0,"attributes":{"occluded":true,"rotation":0.0}},{"id":280,"image_id":16,"category_id":2,"segmentation":[],"area":426.624999999999,"bbox":[247.65,273.37,12.5,34.13],"iscrowd":0,"attributes":{"occluded":true,"rotation":0.0}},{"id":281,"image_id":16,"category_id":2,"segmentation":[],"area":292.2400000000012,"bbox":[496.07,273.25,10.4,28.1],"iscrowd":0,"attributes":{"occluded":false,"rotation":0.0}},{"id":282,"image_id":16,"category_id":2,"segmentation":[],"area":129.33200000000073,"bbox":[518.74,274.79,5.96,21.7],"iscrowd":0,"attributes":{"occluded":false,"rotation":0.0}},{"id":283,"image_id":16,"category_id":2,"segmentation":[],"area":201.4499999999999,"bbox":[529.64,271.79,8.5,23.7],"iscrowd":0,"attributes":{"occluded":false,"rotation":0.0}},{"id":284,"image_id":16,"category_id":2,"segmentation":[],"area":48.37999999999975,"bbox":[693.41,274.91,5.9,8.2],"iscrowd":0,"attributes":{"occluded":true,"rotation":0.0}},{"id":285,"image_id":16,"category_id":2,"segmentation":[],"area":41.39999999999995,"bbox":[703.01,275.01,4.5,9.2],"iscrowd":0,"attributes":{"occluded":true,"rotation":0.0}},{"id":286,"image_id":16,"category_id":2,"segmentation":[],"area":52.25,"bbox":[707.11,276.51,5.5,9.5],"iscrowd":0,"attributes":{"occluded":true,"rotation":0.0}},{"id":287,"image_id":16,"category_id":2,"segmentation":[],"area":121.33399999999985,"bbox":[755.79,271.84,5.89,20.6],"iscrowd":0,"attributes":{"occluded":false,"rotation":0.0}},{"id":288,"image_id":16,"category_id":2,"segmentation":[],"area":216.85500000000206,"bbox":[764.55,274.24,9.15,23.7],"iscrowd":0,"attributes":{"occluded":false,"rotation":0.0}},{"id":289,"image_id":16,"category_id":2,"segmentation":[],"area":174.0200000000012,"bbox":[772.05,275.34,7.7,22.6],"iscrowd":0,"attributes":{"occluded":false,"rotation":0.0}},{"id":290,"image_id":16,"category_id":2,"segmentation":[],"area":142.79999999999905,"bbox":[778.45,275.14,6.8,21.0],"iscrowd":0,"attributes":{"occluded":false,"rotation":0.0}},{"id":291,"image_id":16,"category_id":2,"segmentation":[],"area":222.5599999999987,"bbox":[783.45,274.74,10.7,20.8],"iscrowd":0,"attributes":{"occluded":false,"rotation":0.0}},{"id":292,"image_id":16,"category_id":2,"segmentation":[],"area":241.1299000000013,"bbox":[808.0,273.14,9.83,24.53],"iscrowd":0,"attributes":{"occluded":false,"rotation":0.0}},{"id":293,"image_id":16,"category_id":2,"segmentation":[],"area":107.56349999999885,"bbox":[818.1,273.37,7.95,13.53],"iscrowd":0,"attributes":{"occluded":false,"rotation":0.0}},{"id":294,"image_id":16,"category_id":2,"segmentation":[],"area":197.5799999999993,"bbox":[791.86,272.33,7.4,26.7],"iscrowd":0,"attributes":{"occluded":false,"rotation":0.0}},{"id":295,"image_id":16,"category_id":2,"segmentation":[],"area":250.1683999999983,"bbox":[1008.58,268.1,12.44,20.11],"iscrowd":0,"attributes":{"occluded":true,"rotation":0.0}},{"id":296,"image_id":16,"category_id":2,"segmentation":[],"area":151.40199999999913,"bbox":[1035.9,259.18,7.3,20.74],"iscrowd":0,"attributes":{"occluded":true,"rotation":0.0}},{"id":297,"image_id":16,"category_id":2,"segmentation":[],"area":488.2779000000016,"bbox":[1087.79,267.5,12.21,39.99],"iscrowd":0,"attributes":{"occluded":false,"rotation":0.0}},{"id":298,"image_id":17,"category_id":2,"segmentation":[],"area":1437.4656000000004,"bbox":[18.7,78.74,21.76,66.06],"iscrowd":0,"attributes":{"occluded":true,"rotation":0.0}},{"id":299,"image_id":17,"category_id":2,"segmentation":[],"area":845.5444,"bbox":[31.85,86.92,25.18,33.58],"iscrowd":0,"attributes":{"occluded":true,"rotation":0.0}},{"id":300,"image_id":17,"category_id":2,"segmentation":[],"area":902.5962,"bbox":[66.07,66.48,16.78,53.79],"iscrowd":0,"attributes":{"occluded":true,"rotation":0.0}},{"id":301,"image_id":17,"category_id":2,"segmentation":[],"area":340.0968999999999,"bbox":[78.76,75.73,13.99,24.31],"iscrowd":0,"attributes":{"occluded":true,"rotation":0.0}},{"id":302,"image_id":17,"category_id":2,"segmentation":[],"area":2539.1124000000004,"bbox":[90.6,59.37,29.48,86.13],"iscrowd":0,"attributes":{"occluded":false,"rotation":0.0}},{"id":303,"image_id":17,"category_id":2,"segmentation":[],"area":1834.4703999999997,"bbox":[118.79,59.37,24.71,74.24],"iscrowd":0,"attributes":{"occluded":false,"rotation":0.0}},{"id":304,"image_id":17,"category_id":2,"segmentation":[],"area":1287.5908000000002,"bbox":[139.75,59.27,19.31,66.68],"iscrowd":0,"attributes":{"occluded":false,"rotation":0.0}},{"id":305,"image_id":17,"category_id":2,"segmentation":[],"area":2055.8710000000005,"bbox":[241.7,54.12,26.3,78.17],"iscrowd":0,"attributes":{"occluded":false,"rotation":0.0}},{"id":306,"image_id":17,"category_id":2,"segmentation":[],"area":10622.486,"bbox":[170.0,63.22,76.3,139.22],"iscrowd":0,"attributes":{"occluded":false,"rotation":0.0}},{"id":307,"image_id":17,"category_id":2,"segmentation":[],"area":12547.155500000004,"bbox":[387.95,57.97,69.85,179.63],"iscrowd":0,"attributes":{"occluded":false,"rotation":0.0}},{"id":308,"image_id":18,"category_id":1,"segmentation":[],"area":1794.7274000000007,"bbox":[59.4,47.96,38.53,46.58],"iscrowd":0,"attributes":{"occluded":true,"rotation":0.0}},{"id":309,"image_id":18,"category_id":1,"segmentation":[],"area":726.5894999999995,"bbox":[83.95,49.02,13.65,53.23],"iscrowd":0,"attributes":{"occluded":true,"rotation":0.0}},{"id":310,"image_id":18,"category_id":1,"segmentation":[],"area":1608.0056000000006,"bbox":[88.25,40.8,21.68,74.17],"iscrowd":0,"attributes":{"occluded":true,"rotation":0.0}},{"id":311,"image_id":18,"category_id":1,"segmentation":[],"area":11517.1812,"bbox":[101.1,29.56,112.98,101.94],"iscrowd":0,"attributes":{"occluded":false,"rotation":0.0}},{"id":312,"image_id":18,"category_id":2,"segmentation":[],"area":10927.311999999996,"bbox":[186.49,24.1,82.72,132.1],"iscrowd":0,"attributes":{"occluded":false,"rotation":0.0}},{"id":313,"image_id":19,"category_id":1,"segmentation":[],"area":15984.134000000004,"bbox":[511.4,100.21,130.6,122.39],"iscrowd":0,"attributes":{"occluded":false,"rotation":0.0}},{"id":314,"image_id":19,"category_id":1,"segmentation":[],"area":139863.10000000003,"bbox":[0.88,347.2,516.1,271.0],"iscrowd":0,"attributes":{"occluded":true,"rotation":0.0}},{"id":315,"image_id":19,"category_id":1,"segmentation":[],"area":136711.764,"bbox":[670.5,367.2,571.06,239.4],"iscrowd":0,"attributes":{"occluded":false,"rotation":0.0}},{"id":316,"image_id":19,"category_id":2,"segmentation":[],"area":43328.85590000001,"bbox":[123.57,351.01,100.51,431.09],"iscrowd":0,"attributes":{"occluded":false,"rotation":0.0}},{"id":317,"image_id":19,"category_id":2,"segmentation":[],"area":10440.038399999996,"bbox":[359.99,223.14,61.79,168.96],"iscrowd":0,"attributes":{"occluded":false,"rotation":0.0}},{"id":318,"image_id":19,"category_id":2,"segmentation":[],"area":9401.133000000005,"bbox":[441.4,184.63,60.9,154.37],"iscrowd":0,"attributes":{"occluded":false,"rotation":0.0}},{"id":319,"image_id":19,"category_id":2,"segmentation":[],"area":3395.9607000000037,"bbox":[686.3,119.67,31.09,109.23],"iscrowd":0,"attributes":{"occluded":false,"rotation":0.0}},{"id":320,"image_id":19,"category_id":2,"segmentation":[],"area":3281.2539999999995,"bbox":[764.0,115.2,33.38,98.3],"iscrowd":0,"attributes":{"occluded":false,"rotation":0.0}},{"id":321,"image_id":19,"category_id":2,"segmentation":[],"area":6317.8865999999825,"bbox":[1057.41,156.27,51.39,122.94],"iscrowd":0,"attributes":{"occluded":false,"rotation":0.0}},{"id":322,"image_id":19,"category_id":2,"segmentation":[],"area":15334.149999999996,"bbox":[544.03,279.04,77.5,197.86],"iscrowd":0,"attributes":{"occluded":false,"rotation":0.0}},{"id":323,"image_id":19,"category_id":2,"segmentation":[],"area":6040.791900000004,"bbox":[826.67,309.42,72.93,82.83],"iscrowd":0,"attributes":{"occluded":true,"rotation":0.0}},{"id":324,"image_id":20,"category_id":1,"segmentation":[],"area":8492.5456,"bbox":[339.08,85.02,89.32,95.08],"iscrowd":0,"attributes":{"occluded":true,"rotation":0.0}},{"id":325,"image_id":20,"category_id":1,"segmentation":[],"area":9403.044000000002,"bbox":[471.5,137.5,96.6,97.34],"iscrowd":0,"attributes":{"occluded":false,"rotation":0.0}},{"id":326,"image_id":20,"category_id":1,"segmentation":[],"area":30445.54,"bbox":[255.6,119.2,150.2,202.7],"iscrowd":0,"attributes":{"occluded":false,"rotation":0.0}},{"id":327,"image_id":20,"category_id":1,"segmentation":[],"area":16204.750000000002,"bbox":[330.4,303.4,122.3,132.5],"iscrowd":0,"attributes":{"occluded":false,"rotation":0.0}},{"id":328,"image_id":20,"category_id":1,"segmentation":[],"area":10133.760000000002,"bbox":[599.1,167.9,113.1,89.6],"iscrowd":0,"attributes":{"occluded":false,"rotation":0.0}},{"id":329,"image_id":20,"category_id":1,"segmentation":[],"area":10938.080000000004,"bbox":[516.6,194.2,109.6,99.8],"iscrowd":0,"attributes":{"occluded":false,"rotation":0.0}},{"id":330,"image_id":20,"category_id":1,"segmentation":[],"area":17450.300000000003,"bbox":[468.9,318.9,128.5,135.8],"iscrowd":0,"attributes":{"occluded":false,"rotation":0.0}},{"id":331,"image_id":20,"category_id":1,"segmentation":[],"area":10261.050000000003,"bbox":[580.4,267.0,100.5,102.1],"iscrowd":0,"attributes":{"occluded":false,"rotation":0.0}},{"id":332,"image_id":20,"category_id":1,"segmentation":[],"area":12312.150000000003,"bbox":[655.0,239.2,118.5,103.9],"iscrowd":0,"attributes":{"occluded":false,"rotation":0.0}},{"id":333,"image_id":20,"category_id":1,"segmentation":[],"area":21620.646000000004,"bbox":[397.8,443.32,146.7,147.38],"iscrowd":0,"attributes":{"occluded":false,"rotation":0.0}},{"id":334,"image_id":20,"category_id":1,"segmentation":[],"area":24666.999999999985,"bbox":[561.7,417.1,145.1,170.0],"iscrowd":0,"attributes":{"occluded":false,"rotation":0.0}},{"id":335,"image_id":20,"category_id":1,"segmentation":[],"area":11641.224000000007,"bbox":[633.8,325.29,106.4,109.41],"iscrowd":0,"attributes":{"occluded":false,"rotation":0.0}},{"id":336,"image_id":20,"category_id":1,"segmentation":[],"area":20500.999999999993,"bbox":[698.7,410.6,157.7,130.0],"iscrowd":0,"attributes":{"occluded":false,"rotation":0.0}},{"id":337,"image_id":20,"category_id":1,"segmentation":[],"area":25105.299999999996,"bbox":[746.5,296.0,157.4,159.5],"iscrowd":0,"attributes":{"occluded":false,"rotation":0.0}},{"id":338,"image_id":20,"category_id":1,"segmentation":[],"area":23058.42000000001,"bbox":[859.4,436.4,161.7,142.6],"iscrowd":0,"attributes":{"occluded":false,"rotation":0.0}},{"id":339,"image_id":20,"category_id":1,"segmentation":[],"area":17126.259999999995,"bbox":[111.6,469.8,120.1,142.6],"iscrowd":0,"attributes":{"occluded":false,"rotation":0.0}},{"id":340,"image_id":20,"category_id":2,"segmentation":[],"area":6835.230000000003,"bbox":[318.75,482.3,65.85,103.8],"iscrowd":0,"attributes":{"occluded":false,"rotation":0.0}},{"id":341,"image_id":21,"category_id":1,"segmentation":[],"area":261130.5477999999,"bbox":[842.11,2018.1,730.19,357.62],"iscrowd":0,"attributes":{"occluded":false,"rotation":0.0}},{"id":342,"image_id":21,"category_id":1,"segmentation":[],"area":177775.43000000005,"bbox":[1038.3,1757.7,550.9,322.7],"iscrowd":0,"attributes":{"occluded":false,"rotation":0.0}},{"id":343,"image_id":21,"category_id":1,"segmentation":[],"area":92543.99999999994,"bbox":[0.0,2137.0,320.0,289.2],"iscrowd":0,"attributes":{"occluded":true,"rotation":0.0}},{"id":344,"image_id":21,"category_id":1,"segmentation":[],"area":169931.4599999999,"bbox":[1473.9,1566.0,532.2,319.3],"iscrowd":0,"attributes":{"occluded":false,"rotation":0.0}},{"id":345,"image_id":21,"category_id":1,"segmentation":[],"area":186384.92700000005,"bbox":[2003.3,1688.5,594.7,313.41],"iscrowd":0,"attributes":{"occluded":false,"rotation":0.0}},{"id":346,"image_id":21,"category_id":1,"segmentation":[],"area":222631.63999999998,"bbox":[1928.0,1985.4,631.4,352.6],"iscrowd":0,"attributes":{"occluded":false,"rotation":0.0}},{"id":347,"image_id":21,"category_id":1,"segmentation":[],"area":272925.80999999976,"bbox":[2928.8,2072.0,711.3,383.7],"iscrowd":0,"attributes":{"occluded":false,"rotation":0.0}},{"id":348,"image_id":21,"category_id":1,"segmentation":[],"area":98997.5699999999,"bbox":[3517.9,1823.9,344.1,287.7],"iscrowd":0,"attributes":{"occluded":true,"rotation":0.0}},{"id":349,"image_id":21,"category_id":1,"segmentation":[],"area":186438.39359999995,"bbox":[0.0,1504.02,553.92,336.58],"iscrowd":0,"attributes":{"occluded":false,"rotation":0.0}},{"id":350,"image_id":21,"category_id":1,"segmentation":[],"area":149805.67139999996,"bbox":[510.68,1369.7,533.61,280.74],"iscrowd":0,"attributes":{"occluded":false,"rotation":0.0}},{"id":351,"image_id":21,"category_id":1,"segmentation":[],"area":207917.8694999999,"bbox":[972.12,1013.7,463.43,448.65],"iscrowd":0,"attributes":{"occluded":false,"rotation":0.0}},{"id":352,"image_id":21,"category_id":1,"segmentation":[],"area":102202.85760000006,"bbox":[1488.5,1108.62,348.72,293.08],"iscrowd":0,"attributes":{"occluded":false,"rotation":0.0}},{"id":353,"image_id":21,"category_id":1,"segmentation":[],"area":205931.88,"bbox":[1832.2,1309.6,598.5,344.08],"iscrowd":0,"attributes":{"occluded":false,"rotation":0.0}},{"id":354,"image_id":21,"category_id":1,"segmentation":[],"area":109867.38000000002,"bbox":[0.0,469.4,409.8,268.1],"iscrowd":0,"attributes":{"occluded":true,"rotation":0.0}},{"id":355,"image_id":21,"category_id":1,"segmentation":[],"area":4743.8467,"bbox":[0.0,87.19,33.19,142.93],"iscrowd":0,"attributes":{"occluded":true,"rotation":0.0}},{"id":356,"image_id":21,"category_id":1,"segmentation":[],"area":223679.69400000002,"bbox":[1.9,74.2,646.66,345.9],"iscrowd":0,"attributes":{"occluded":false,"rotation":0.0}},{"id":357,"image_id":21,"category_id":1,"segmentation":[],"area":140346.0,"bbox":[166.7,0.0,621.0,226.0],"iscrowd":0,"attributes":{"occluded":true,"rotation":0.0}},{"id":358,"image_id":21,"category_id":1,"segmentation":[],"area":150937.81379999995,"bbox":[619.22,324.17,572.58,263.61],"iscrowd":0,"attributes":{"occluded":false,"rotation":0.0}},{"id":359,"image_id":21,"category_id":1,"segmentation":[],"area":102867.8589,"bbox":[863.0,9.17,467.73,219.93],"iscrowd":0,"attributes":{"occluded":false,"rotation":0.0}},{"id":360,"image_id":21,"category_id":1,"segmentation":[],"area":102814.42440000002,"bbox":[1288.0,241.22,444.93,231.08],"iscrowd":0,"attributes":{"occluded":false,"rotation":0.0}},{"id":361,"image_id":21,"category_id":1,"segmentation":[],"area":152424.6763,"bbox":[955.64,461.46,550.21,277.03],"iscrowd":0,"attributes":{"occluded":false,"rotation":0.0}},{"id":362,"image_id":21,"category_id":1,"segmentation":[],"area":134095.5172,"bbox":[520.5,673.36,555.56,241.37],"iscrowd":0,"attributes":{"occluded":false,"rotation":0.0}},{"id":363,"image_id":21,"category_id":1,"segmentation":[],"area":176109.64839999998,"bbox":[1268.2,761.9,535.06,329.14],"iscrowd":0,"attributes":{"occluded":false,"rotation":0.0}},{"id":364,"image_id":21,"category_id":1,"segmentation":[],"area":114458.92919999993,"bbox":[1626.2,549.72,469.98,243.54],"iscrowd":0,"attributes":{"occluded":false,"rotation":0.0}},{"id":365,"image_id":21,"category_id":1,"segmentation":[],"area":137046.11359999995,"bbox":[1802.66,315.55,524.92,261.08],"iscrowd":0,"attributes":{"occluded":false,"rotation":0.0}},{"id":366,"image_id":21,"category_id":1,"segmentation":[],"area":124071.82319999993,"bbox":[2500.15,399.1,492.72,251.81],"iscrowd":0,"attributes":{"occluded":false,"rotation":0.0}},{"id":367,"image_id":21,"category_id":1,"segmentation":[],"area":178526.562,"bbox":[1925.8,889.8,589.8,302.69],"iscrowd":0,"attributes":{"occluded":false,"rotation":0.0}},{"id":368,"image_id":21,"category_id":1,"segmentation":[],"area":185022.52540000013,"bbox":[2438.74,776.81,592.66,312.19],"iscrowd":0,"attributes":{"occluded":false,"rotation":0.0}},{"id":369,"image_id":21,"category_id":1,"segmentation":[],"area":41.269200000002236,"bbox":[2898.99,884.01,34.68,1.19],"iscrowd":0,"attributes":{"occluded":false,"rotation":0.0}},{"id":370,"image_id":21,"category_id":1,"segmentation":[],"area":707133.8249999998,"bbox":[2896.3,886.2,965.7,732.25],"iscrowd":0,"attributes":{"occluded":true,"rotation":0.0}},{"id":371,"image_id":21,"category_id":1,"segmentation":[],"area":5003.752599999984,"bbox":[3823.61,544.01,38.39,130.34],"iscrowd":0,"attributes":{"occluded":true,"rotation":0.0}},{"id":372,"image_id":21,"category_id":2,"segmentation":[],"area":14927.10310000005,"bbox":[2685.41,117.59,91.91,162.41],"iscrowd":0,"attributes":{"occluded":false,"rotation":0.0}},{"id":373,"image_id":21,"category_id":2,"segmentation":[],"area":3594.8849999999984,"bbox":[771.32,751.64,65.66,54.75],"iscrowd":0,"attributes":{"occluded":true,"rotation":0.0}},{"id":374,"image_id":21,"category_id":2,"segmentation":[],"area":8776.002600000005,"bbox":[3790.54,0.0,71.46,122.81],"iscrowd":0,"attributes":{"occluded":true,"rotation":0.0}},{"id":375,"image_id":22,"category_id":1,"segmentation":[],"area":7391.927999999999,"bbox":[261.29,0.0,102.88,71.85],"iscrowd":0,"attributes":{"occluded":true,"rotation":0.0}},{"id":376,"image_id":22,"category_id":1,"segmentation":[],"area":20713.224,"bbox":[523.24,0.0,116.76,177.4],"iscrowd":0,"attributes":{"occluded":true,"rotation":0.0}},{"id":377,"image_id":22,"category_id":1,"segmentation":[],"area":3306.563,"bbox":[0.0,44.43,34.7,95.29],"iscrowd":0,"attributes":{"occluded":true,"rotation":0.0}},{"id":378,"image_id":22,"category_id":1,"segmentation":[],"area":17526.676500000005,"bbox":[59.67,93.88,131.73,133.05],"iscrowd":0,"attributes":{"occluded":false,"rotation":0.0}},{"id":379,"image_id":22,"category_id":1,"segmentation":[],"area":10490.779999999999,"bbox":[0.0,238.0,85.99,122.0],"iscrowd":0,"attributes":{"occluded":true,"rotation":0.0}},{"id":380,"image_id":22,"category_id":1,"segmentation":[],"area":9406.287000000004,"bbox":[503.38,291.15,136.62,68.85],"iscrowd":0,"attributes":{"occluded":true,"rotation":0.0}},{"id":381,"image_id":22,"category_id":2,"segmentation":[],"area":4808.328800000004,"bbox":[314.58,139.6,41.71,115.28],"iscrowd":0,"attributes":{"occluded":false,"rotation":0.0}},{"id":382,"image_id":22,"category_id":2,"segmentation":[],"area":5060.05,"bbox":[332.47,128.04,42.5,119.06],"iscrowd":0,"attributes":{"occluded":true,"rotation":0.0}},{"id":383,"image_id":22,"category_id":2,"segmentation":[],"area":9760.951200000005,"bbox":[385.34,211.38,78.54,124.28],"iscrowd":0,"attributes":{"occluded":false,"rotation":0.0}},{"id":384,"image_id":23,"category_id":1,"segmentation":[],"area":13800.282599999999,"bbox":[89.2,23.45,117.17,117.78],"iscrowd":0,"attributes":{"occluded":false,"rotation":0.0}},{"id":385,"image_id":23,"category_id":1,"segmentation":[],"area":9409.007299999997,"bbox":[190.17,44.04,114.73,82.01],"iscrowd":0,"attributes":{"occluded":true,"rotation":0.0}},{"id":386,"image_id":23,"category_id":2,"segmentation":[],"area":9731.277,"bbox":[31.63,17.74,60.95,159.66],"iscrowd":0,"attributes":{"occluded":false,"rotation":0.0}},{"id":387,"image_id":23,"category_id":2,"segmentation":[],"area":6889.191600000002,"bbox":[201.16,34.76,55.14,124.94],"iscrowd":0,"attributes":{"occluded":false,"rotation":0.0}},{"id":388,"image_id":24,"category_id":1,"segmentation":[],"area":20399.550000000003,"bbox":[0.0,143.14,123.0,165.85],"iscrowd":0,"attributes":{"occluded":true,"rotation":0.0}},{"id":389,"image_id":24,"category_id":1,"segmentation":[],"area":2601.92,"bbox":[215.43,122.92,69.2,37.6],"iscrowd":0,"attributes":{"occluded":true,"rotation":0.0}},{"id":390,"image_id":24,"category_id":1,"segmentation":[],"area":978.1199999999988,"bbox":[238.49,110.15,42.9,22.8],"iscrowd":0,"attributes":{"occluded":true,"rotation":0.0}},{"id":391,"image_id":24,"category_id":1,"segmentation":[],"area":1039.180000000001,"bbox":[266.59,112.03,44.6,23.3],"iscrowd":0,"attributes":{"occluded":true,"rotation":0.0}},{"id":392,"image_id":24,"category_id":1,"segmentation":[],"area":5549.118300000001,"bbox":[338.78,90.68,84.81,65.43],"iscrowd":0,"attributes":{"occluded":true,"rotation":0.0}},{"id":393,"image_id":24,"category_id":1,"segmentation":[],"area":8068.365799999998,"bbox":[374.75,129.68,135.58,59.51],"iscrowd":0,"attributes":{"occluded":false,"rotation":0.0}},{"id":394,"image_id":24,"category_id":1,"segmentation":[],"area":22107.765399999997,"bbox":[428.48,49.12,178.03,124.18],"iscrowd":0,"attributes":{"occluded":false,"rotation":0.0}},{"id":395,"image_id":24,"category_id":2,"segmentation":[],"area":278.2400000000009,"bbox":[400.28,116.71,17.39,16.0],"iscrowd":0,"attributes":{"occluded":true,"rotation":0.0}},{"id":396,"image_id":24,"category_id":2,"segmentation":[],"area":192.42399999999986,"bbox":[548.7,71.07,13.4,14.36],"iscrowd":0,"attributes":{"occluded":true,"rotation":0.0}},{"id":397,"image_id":24,"category_id":2,"segmentation":[],"area":1364.6060999999986,"bbox":[525.7,127.6,26.91,50.71],"iscrowd":0,"attributes":{"occluded":false,"rotation":0.0}},{"id":398,"image_id":24,"category_id":2,"segmentation":[],"area":1357.4369999999963,"bbox":[559.58,121.68,23.69,57.3],"iscrowd":0,"attributes":{"occluded":false,"rotation":0.0}},{"id":399,"image_id":24,"category_id":2,"segmentation":[],"area":950.8999999999999,"bbox":[605.9,109.2,18.5,51.4],"iscrowd":0,"attributes":{"occluded":false,"rotation":0.0}},{"id":400,"image_id":24,"category_id":2,"segmentation":[],"area":1218.2320000000009,"bbox":[648.98,112.58,23.6,51.62],"iscrowd":0,"attributes":{"occluded":false,"rotation":0.0}},{"id":401,"image_id":24,"category_id":2,"segmentation":[],"area":1801.1091999999999,"bbox":[689.1,122.51,26.62,67.66],"iscrowd":0,"attributes":{"occluded":false,"rotation":0.0}},{"id":402,"image_id":24,"category_id":2,"segmentation":[],"area":18455.337699999996,"bbox":[39.24,325.73,148.51,124.27],"iscrowd":0,"attributes":{"occluded":true,"rotation":0.0}},{"id":403,"image_id":24,"category_id":2,"segmentation":[],"area":26218.04,"bbox":[199.3,185.28,106.0,247.34],"iscrowd":0,"attributes":{"occluded":false,"rotation":0.0}},{"id":404,"image_id":24,"category_id":2,"segmentation":[],"area":23629.32,"bbox":[262.7,312.3,171.6,137.7],"iscrowd":0,"attributes":{"occluded":true,"rotation":0.0}},{"id":405,"image_id":24,"category_id":2,"segmentation":[],"area":15787.4964,"bbox":[315.0,170.98,73.87,213.72],"iscrowd":0,"attributes":{"occluded":true,"rotation":0.0}},{"id":406,"image_id":24,"category_id":2,"segmentation":[],"area":18156.25979999999,"bbox":[382.1,180.06,75.67,239.94],"iscrowd":0,"attributes":{"occluded":false,"rotation":0.0}},{"id":407,"image_id":24,"category_id":2,"segmentation":[],"area":20288.58550000001,"bbox":[436.68,203.03,82.15,246.97],"iscrowd":0,"attributes":{"occluded":false,"rotation":0.0}},{"id":408,"image_id":24,"category_id":2,"segmentation":[],"area":29640.950999999994,"bbox":[459.54,213.33,135.7,218.43],"iscrowd":0,"attributes":{"occluded":true,"rotation":0.0}},{"id":409,"image_id":24,"category_id":2,"segmentation":[],"area":15680.214199999997,"bbox":[495.35,326.66,127.13,123.34],"iscrowd":0,"attributes":{"occluded":true,"rotation":0.0}},{"id":410,"image_id":25,"category_id":1,"segmentation":[],"area":4459.615100000004,"bbox":[703.81,436.4,99.79,44.69],"iscrowd":0,"attributes":{"occluded":true,"rotation":0.0}},{"id":411,"image_id":25,"category_id":1,"segmentation":[],"area":19163.065599999994,"bbox":[1814.72,337.73,105.28,182.02],"iscrowd":0,"attributes":{"occluded":true,"rotation":0.0}},{"id":412,"image_id":25,"category_id":1,"segmentation":[],"area":48050.36759999999,"bbox":[0.0,446.8,199.91,240.36],"iscrowd":0,"attributes":{"occluded":true,"rotation":0.0}},{"id":413,"image_id":25,"category_id":1,"segmentation":[],"area":180032.48779999994,"bbox":[1057.69,419.42,630.41,285.58],"iscrowd":0,"attributes":{"occluded":false,"rotation":0.0}},{"id":414,"image_id":25,"category_id":2,"segmentation":[],"area":42622.3203,"bbox":[0.0,383.68,113.79,374.57],"iscrowd":0,"attributes":{"occluded":true,"rotation":0.0}},{"id":415,"image_id":25,"category_id":2,"segmentation":[],"area":51673.37159999999,"bbox":[394.83,405.14,141.08,366.27],"iscrowd":0,"attributes":{"occluded":false,"rotation":0.0}},{"id":416,"image_id":25,"category_id":2,"segmentation":[],"area":7927.630499999995,"bbox":[1084.21,425.19,69.05,114.81],"iscrowd":0,"attributes":{"occluded":false,"rotation":0.0}},{"id":417,"image_id":25,"category_id":2,"segmentation":[],"area":131707.85359999997,"bbox":[1511.48,381.82,237.32,554.98],"iscrowd":0,"attributes":{"occluded":false,"rotation":0.0}},{"id":418,"image_id":25,"category_id":2,"segmentation":[],"area":8364.50849999999,"bbox":[520.85,468.06,50.55,165.47],"iscrowd":0,"attributes":{"occluded":true,"rotation":0.0}},{"id":419,"image_id":25,"category_id":2,"segmentation":[],"area":9495.770399999994,"bbox":[563.25,436.06,44.91,211.44],"iscrowd":0,"attributes":{"occluded":true,"rotation":0.0}},{"id":420,"image_id":26,"category_id":1,"segmentation":[],"area":475.73119999999983,"bbox":[131.22,62.93,41.44,11.48],"iscrowd":0,"attributes":{"occluded":true,"rotation":0.0}},{"id":421,"image_id":26,"category_id":1,"segmentation":[],"area":8458.137599999998,"bbox":[139.27,75.21,100.12,84.48],"iscrowd":0,"attributes":{"occluded":true,"rotation":0.0}},{"id":422,"image_id":26,"category_id":1,"segmentation":[],"area":3124.6034000000022,"bbox":[511.79,56.37,56.78,55.03],"iscrowd":0,"attributes":{"occluded":true,"rotation":0.0}},{"id":423,"image_id":26,"category_id":1,"segmentation":[],"area":3295.3067999999985,"bbox":[552.51,54.91,53.53,61.56],"iscrowd":0,"attributes":{"occluded":true,"rotation":0.0}},{"id":424,"image_id":26,"category_id":1,"segmentation":[],"area":447.5249999999999,"bbox":[672.67,72.2,25.5,17.55],"iscrowd":0,"attributes":{"occluded":true,"rotation":0.0}},{"id":425,"image_id":26,"category_id":1,"segmentation":[],"area":5422.339999999999,"bbox":[673.2,67.46,107.8,50.3],"iscrowd":0,"attributes":{"occluded":true,"rotation":0.0}},{"id":426,"image_id":26,"category_id":1,"segmentation":[],"area":620.3784999999995,"bbox":[215.46,79.44,24.55,25.27],"iscrowd":0,"attributes":{"occluded":true,"rotation":0.0}},{"id":427,"image_id":26,"category_id":2,"segmentation":[],"area":90410.25,"bbox":[0.0,0.0,178.5,506.5],"iscrowd":0,"attributes":{"occluded":false,"rotation":0.0}},{"id":428,"image_id":26,"category_id":2,"segmentation":[],"area":103206.75690000001,"bbox":[331.75,243.5,293.71,351.39],"iscrowd":0,"attributes":{"occluded":false,"rotation":0.0}},{"id":429,"image_id":26,"category_id":2,"segmentation":[],"area":54278.62500000001,"bbox":[234.3,26.65,132.5,409.65],"iscrowd":0,"attributes":{"occluded":false,"rotation":0.0}},{"id":430,"image_id":26,"category_id":2,"segmentation":[],"area":45414.55449999998,"bbox":[454.35,27.91,126.05,360.29],"iscrowd":0,"attributes":{"occluded":false,"rotation":0.0}},{"id":431,"image_id":26,"category_id":2,"segmentation":[],"area":57593.351999999984,"bbox":[573.0,4.22,129.4,445.08],"iscrowd":0,"attributes":{"occluded":false,"rotation":0.0}},{"id":432,"image_id":26,"category_id":2,"segmentation":[],"area":26856.83910000001,"bbox":[312.03,29.27,79.17,339.23],"iscrowd":0,"attributes":{"occluded":true,"rotation":0.0}},{"id":433,"image_id":26,"category_id":2,"segmentation":[],"area":157.08000000000075,"bbox":[671.67,56.97,10.2,15.4],"iscrowd":0,"attributes":{"occluded":true,"rotation":0.0}},{"id":434,"image_id":26,"category_id":2,"segmentation":[],"area":1422.9189999999949,"bbox":[686.21,59.87,25.1,56.69],"iscrowd":0,"attributes":{"occluded":true,"rotation":0.0}},{"id":435,"image_id":26,"category_id":2,"segmentation":[],"area":170.1800000000006,"bbox":[703.05,56.07,12.7,13.4],"iscrowd":0,"attributes":{"occluded":true,"rotation":0.0}},{"id":436,"image_id":26,"category_id":2,"segmentation":[],"area":157.680000000001,"bbox":[714.15,53.27,10.8,14.6],"iscrowd":0,"attributes":{"occluded":true,"rotation":0.0}},{"id":437,"image_id":26,"category_id":2,"segmentation":[],"area":175.25999999999945,"bbox":[741.32,57.91,13.8,12.7],"iscrowd":0,"attributes":{"occluded":true,"rotation":0.0}},{"id":438,"image_id":26,"category_id":2,"segmentation":[],"area":85.59299999999958,"bbox":[759.72,61.1,10.3,8.31],"iscrowd":0,"attributes":{"occluded":true,"rotation":0.0}},{"id":439,"image_id":26,"category_id":2,"segmentation":[],"area":2460.5369999999994,"bbox":[819.58,46.83,24.63,99.9],"iscrowd":0,"attributes":{"occluded":true,"rotation":0.0}},{"id":440,"image_id":26,"category_id":2,"segmentation":[],"area":207.34000000000003,"bbox":[887.4,52.2,14.0,14.81],"iscrowd":0,"attributes":{"occluded":true,"rotation":0.0}},{"id":441,"image_id":26,"category_id":2,"segmentation":[],"area":267.62040000000053,"bbox":[896.43,38.89,9.48,28.23],"iscrowd":0,"attributes":{"occluded":true,"rotation":0.0}},{"id":442,"image_id":26,"category_id":2,"segmentation":[],"area":612.1800000000001,"bbox":[928.56,29.19,18.0,34.01],"iscrowd":0,"attributes":{"occluded":true,"rotation":0.0}},{"id":443,"image_id":26,"category_id":2,"segmentation":[],"area":344.4099999999969,"bbox":[939.46,28.67,10.1,34.1],"iscrowd":0,"attributes":{"occluded":true,"rotation":0.0}},{"id":444,"image_id":26,"category_id":2,"segmentation":[],"area":165.11999999999978,"bbox":[1009.09,52.35,12.9,12.8],"iscrowd":0,"attributes":{"occluded":true,"rotation":0.0}},{"id":445,"image_id":26,"category_id":2,"segmentation":[],"area":77.85449999999892,"bbox":[1004.19,54.0,7.11,10.95],"iscrowd":0,"attributes":{"occluded":true,"rotation":0.0}},{"id":446,"image_id":26,"category_id":2,"segmentation":[],"area":78.83999999999949,"bbox":[1041.79,51.75,7.3,10.8],"iscrowd":0,"attributes":{"occluded":true,"rotation":0.0}},{"id":447,"image_id":26,"category_id":2,"segmentation":[],"area":78.9209999999989,"bbox":[1052.39,52.25,7.11,11.1],"iscrowd":0,"attributes":{"occluded":true,"rotation":0.0}},{"id":448,"image_id":26,"category_id":2,"segmentation":[],"area":5287.373200000002,"bbox":[902.1,32.62,44.74,118.18],"iscrowd":0,"attributes":{"occluded":false,"rotation":0.0}}]}