{"licenses":[{"name":"","id":0,"url":""}],"info":{"contributor":"","date_created":"","description":"","url":"","version":"","year":""},"categories":[{"id":1,"name":"Car","supercategory":""}],"images":[{"id":1,"width":1300,"height":957,"file_name":"cars-go-along-the-highway-the-movement-of-cars-on-the-road-with-markings-car-traffic-view-from-above-2GF715G.jpg","license":0,"flickr_url":"","coco_url":"","date_captured":0},{"id":2,"width":740,"height":493,"file_name":"red-car-vehicle-highway-sunset-drive_169016-68504.avif","license":0,"flickr_url":"","coco_url":"","date_captured":0},{"id":3,"width":800,"height":630,"file_name":"highway-car-road-9847859.webp","license":0,"flickr_url":"","coco_url":"","date_captured":0},{"id":4,"width":1140,"height":655,"file_name":"1140-cars-on-highway.jpg","license":0,"flickr_url":"","coco_url":"","date_captured":0},{"id":5,"width":1024,"height":683,"file_name":"depositphotos_5192250-stock-photo-highway-with-some-cars-passing.jpg","license":0,"flickr_url":"","coco_url":"","date_captured":0},{"id":6,"width":612,"height":406,"file_name":"istockphoto-157775302-612x612.jpg","license":0,"flickr_url":"","coco_url":"","date_captured":0},{"id":7,"width":1920,"height":1080,"file_name":"free-video-854671.jpg","license":0,"flickr_url":"","coco_url":"","date_captured":0},{"id":8,"width":1300,"height":866,"file_name":"38109030-some-cars-on-a-wet-highway-in-germany.jpg","license":0,"flickr_url":"","coco_url":"","date_captured":0},{"id":9,"width":1024,"height":681,"file_name":"10google2-jumbo.webp","license":0,"flickr_url":"","coco_url":"","date_captured":0}],"annotations":[]}