<?xml version="1.0" encoding="utf-8"?>
<annotations>
  <version>1.1</version>
  <meta>
    <job>
      <id>2</id>
      <size>26</size>
      <mode>annotation</mode>
      <overlap>0</overlap>
      <bugtracker></bugtracker>
      <created>2026-02-02 15:37:29.330572+00:00</created>
      <updated>2026-02-04 09:32:00.423807+00:00</updated>
      <subset>default</subset>
      <start_frame>0</start_frame>
      <stop_frame>25</stop_frame>
      <frame_filter></frame_filter>
      <segments>
        <segment>
          <id>2</id>
          <start>0</start>
          <stop>25</stop>
          <url>http://localhost:8080/api/jobs/2</url>
        </segment>
      </segments>
      <owner>
        <username>emman_fosu</username>
        <email>emmanuel.fosuduffour@gmail.com</email>
      </owner>
      <assignee></assignee>
      <labels>
        <label>
          <name>Car</name>
          <color>#2080c0</color>
          <type>any</type>
          <attributes>
          </attributes>
        </label>
        <label>
          <name>Person</name>
          <color>#c06060</color>
          <type>any</type>
          <attributes>
          </attributes>
        </label>
      </labels>
    </job>
    <dumped>2026-02-04 09:38:40.992507+00:00</dumped>
  </meta>
  <image id="0" name="merlin_173526783_192e498a-5699-411c-b1e5-64fa738eec17-articleLarge.webp" width="600" height="412">
    <box label="Car" source="manual" occluded="0" xtl="86.59" ytl="205.11" xbr="101.68" ybr="252.75" z_order="0">
    </box>
    <box label="Car" source="manual" occluded="0" xtl="85.80" ytl="203.52" xbr="106.31" ybr="273.79" z_order="0">
    </box>
    <box label="Person" source="manual" occluded="1" xtl="86.50" ytl="204.20" xbr="106.30" ybr="269.08" z_order="0">
    </box>
    <box label="Car" source="manual" occluded="0" xtl="306.50" ytl="201.90" xbr="359.20" ybr="243.50" z_order="0">
    </box>
    <box label="Person" source="manual" occluded="1" xtl="251.32" ytl="195.99" xbr="264.30" ybr="248.24" z_order="0">
    </box>
    <box label="Person" source="manual" occluded="1" xtl="265.90" ytl="196.80" xbr="287.06" ybr="232.60" z_order="0">
    </box>
    <box label="Person" source="manual" occluded="1" xtl="371.42" ytl="205.00" xbr="379.83" ybr="231.70" z_order="0">
    </box>
    <box label="Person" source="manual" occluded="1" xtl="356.20" ytl="202.90" xbr="375.12" ybr="233.40" z_order="0">
    </box>
    <box label="Person" source="manual" occluded="1" xtl="378.08" ytl="207.00" xbr="391.98" ybr="235.15" z_order="0">
    </box>
    <box label="Person" source="manual" occluded="1" xtl="390.90" ytl="207.70" xbr="404.18" ybr="233.25" z_order="0">
    </box>
    <box label="Person" source="manual" occluded="0" xtl="121.10" ytl="186.50" xbr="155.75" ybr="283.40" z_order="0">
    </box>
    <box label="Person" source="manual" occluded="0" xtl="156.92" ytl="194.53" xbr="191.81" ybr="292.50" z_order="0">
    </box>
    <box label="Person" source="manual" occluded="0" xtl="189.00" ytl="197.13" xbr="223.96" ybr="293.48" z_order="0">
    </box>
    <box label="Person" source="manual" occluded="0" xtl="216.76" ytl="195.54" xbr="256.72" ybr="358.70" z_order="0">
    </box>
    <box label="Person" source="manual" occluded="0" xtl="266.30" ytl="193.59" xbr="318.12" ybr="353.10" z_order="0">
    </box>
    <box label="Person" source="manual" occluded="1" xtl="310.37" ytl="244.59" xbr="348.93" ybr="311.57" z_order="0">
    </box>
    <box label="Person" source="manual" occluded="1" xtl="348.71" ytl="222.98" xbr="376.20" ybr="289.30" z_order="0">
    </box>
    <box label="Person" source="manual" occluded="0" xtl="361.39" ytl="225.95" xbr="402.68" ybr="293.80" z_order="0">
    </box>
    <box label="Car" source="manual" occluded="1" xtl="300.09" ytl="206.89" xbr="313.55" ybr="216.56" z_order="0">
    </box>
    <box label="Person" source="manual" occluded="0" xtl="387.39" ytl="220.07" xbr="431.50" ybr="288.90" z_order="0">
    </box>
    <box label="Person" source="manual" occluded="1" xtl="521.69" ytl="194.65" xbr="585.26" ybr="286.80" z_order="0">
    </box>
    <box label="Person" source="manual" occluded="0" xtl="461.70" ytl="242.67" xbr="571.18" ybr="342.20" z_order="0">
    </box>
    <box label="Person" source="manual" occluded="0" xtl="59.20" ytl="193.93" xbr="108.66" ybr="292.00" z_order="0">
    </box>
  </image>
  <image id="1" name="multivan-2_w960.webp" width="960" height="720">
    <box label="Car" source="manual" occluded="1" xtl="451.77" ytl="504.70" xbr="478.14" ybr="522.00" z_order="0">
    </box>
    <box label="Car" source="manual" occluded="0" xtl="473.10" ytl="394.10" xbr="802.80" ybr="631.40" z_order="0">
    </box>
  </image>
  <image id="2" name="istockphoto-1193169086-612x612.jpg" width="612" height="408">
    <box label="Car" source="manual" occluded="1" xtl="387.00" ytl="153.95" xbr="506.59" ybr="299.10" z_order="0">
    </box>
    <box label="Car" source="manual" occluded="1" xtl="380.90" ytl="172.60" xbr="406.00" ybr="182.88" z_order="0">
    </box>
    <box label="Car" source="manual" occluded="1" xtl="341.58" ytl="165.50" xbr="357.71" ybr="175.02" z_order="0">
    </box>
    <box label="Car" source="manual" occluded="1" xtl="344.25" ytl="172.30" xbr="392.82" ybr="222.64" z_order="0">
    </box>
    <box label="Car" source="manual" occluded="1" xtl="266.49" ytl="144.60" xbr="360.00" ybr="173.38" z_order="0">
    </box>
    <box label="Car" source="manual" occluded="1" xtl="380.70" ytl="151.30" xbr="508.90" ybr="227.60" z_order="0">
    </box>
    <box label="Car" source="manual" occluded="1" xtl="290.04" ytl="158.51" xbr="356.70" ybr="229.00" z_order="0">
    </box>
    <box label="Car" source="manual" occluded="1" xtl="294.57" ytl="170.52" xbr="319.98" ybr="233.41" z_order="0">
    </box>
    <box label="Car" source="manual" occluded="1" xtl="266.40" ytl="150.38" xbr="305.44" ybr="243.98" z_order="0">
    </box>
    <box label="Car" source="manual" occluded="1" xtl="221.47" ytl="140.66" xbr="285.30" ybr="259.00" z_order="0">
    </box>
    <box label="Car" source="manual" occluded="1" xtl="220.33" ytl="143.03" xbr="251.36" ybr="223.59" z_order="0">
    </box>
    <box label="Car" source="manual" occluded="1" xtl="147.33" ytl="86.75" xbr="250.60" ybr="383.50" z_order="0">
    </box>
    <box label="Car" source="manual" occluded="1" xtl="1.52" ytl="7.90" xbr="232.40" ybr="408.00" z_order="0">
    </box>
    <box label="Car" source="manual" occluded="1" xtl="451.49" ytl="94.90" xbr="612.00" ybr="408.00" z_order="0">
    </box>
  </image>
  <image id="3" name="80514774-people-walking-riding-bicycle-and-cars-running-on-the-street-in-kolkata-india.jpg" width="1300" height="731">
    <box label="Person" source="manual" occluded="0" xtl="185.96" ytl="411.95" xbr="283.82" ybr="669.25" z_order="0">
    </box>
    <box label="Car" source="manual" occluded="1" xtl="655.17" ytl="359.80" xbr="688.04" ybr="393.77" z_order="0">
    </box>
    <box label="Car" source="manual" occluded="1" xtl="686.86" ytl="376.57" xbr="718.78" ybr="394.09" z_order="0">
    </box>
    <box label="Car" source="manual" occluded="1" xtl="753.19" ytl="356.30" xbr="783.60" ybr="361.48" z_order="0">
    </box>
    <box label="Car" source="manual" occluded="1" xtl="882.80" ytl="354.70" xbr="917.78" ybr="369.32" z_order="0">
    </box>
    <box label="Car" source="manual" occluded="1" xtl="740.60" ytl="360.00" xbr="805.40" ybr="455.10" z_order="0">
    </box>
    <box label="Car" source="manual" occluded="0" xtl="907.45" ytl="349.60" xbr="971.50" ybr="405.30" z_order="0">
    </box>
    <box label="Car" source="manual" occluded="1" xtl="999.40" ytl="351.90" xbr="1050.80" ybr="418.20" z_order="0">
    </box>
    <box label="Car" source="manual" occluded="1" xtl="1078.07" ytl="358.70" xbr="1146.80" ybr="460.30" z_order="0">
    </box>
    <box label="Car" source="manual" occluded="0" xtl="774.93" ytl="365.00" xbr="924.88" ybr="519.82" z_order="0">
    </box>
    <box label="Car" source="manual" occluded="0" xtl="1009.90" ytl="363.52" xbr="1133.30" ybr="492.35" z_order="0">
    </box>
    <box label="Person" source="manual" occluded="1" xtl="617.04" ytl="364.50" xbr="649.50" ybr="463.00" z_order="0">
    </box>
    <box label="Person" source="manual" occluded="1" xtl="690.45" ytl="363.34" xbr="701.85" ybr="385.24" z_order="0">
    </box>
    <box label="Person" source="manual" occluded="1" xtl="696.30" ytl="359.94" xbr="715.45" ybr="412.10" z_order="0">
    </box>
    <box label="Person" source="manual" occluded="1" xtl="975.58" ytl="352.77" xbr="987.88" ybr="390.47" z_order="0">
    </box>
    <box label="Person" source="manual" occluded="0" xtl="1207.70" ytl="364.60" xbr="1235.50" ybr="447.30" z_order="0">
    </box>
    <box label="Person" source="manual" occluded="0" xtl="271.90" ytl="377.99" xbr="379.00" ybr="662.50" z_order="0">
    </box>
    <box label="Person" source="manual" occluded="0" xtl="428.90" ytl="373.58" xbr="528.10" ybr="623.00" z_order="0">
    </box>
    <box label="Person" source="manual" occluded="0" xtl="551.16" ytl="375.43" xbr="638.44" ybr="613.70" z_order="0">
    </box>
  </image>
  <image id="4" name="istanbul-turkey-october-11-2024-600nw-2561947545.webp" width="600" height="338">
    <box label="Person" source="manual" occluded="0" xtl="18.30" ytl="172.77" xbr="106.31" ybr="338.00" z_order="0">
    </box>
    <box label="Car" source="manual" occluded="1" xtl="507.92" ytl="168.63" xbr="573.50" ybr="181.72" z_order="0">
    </box>
    <box label="Car" source="manual" occluded="0" xtl="296.74" ytl="159.29" xbr="426.39" ybr="218.90" z_order="0">
    </box>
    <box label="Car" source="manual" occluded="1" xtl="96.65" ytl="177.89" xbr="277.32" ybr="251.70" z_order="0">
    </box>
    <box label="Car" source="manual" occluded="1" xtl="454.75" ytl="174.80" xbr="592.80" ybr="244.00" z_order="0">
    </box>
    <box label="Person" source="manual" occluded="0" xtl="1.82" ytl="173.24" xbr="11.72" ybr="206.54" z_order="0">
    </box>
    <box label="Person" source="manual" occluded="0" xtl="98.09" ytl="167.06" xbr="106.19" ybr="184.76" z_order="0">
    </box>
    <box label="Person" source="manual" occluded="1" xtl="461.81" ytl="164.41" xbr="467.71" ybr="179.11" z_order="0">
    </box>
    <box label="Person" source="manual" occluded="1" xtl="466.21" ytl="166.11" xbr="476.31" ybr="193.21" z_order="0">
    </box>
    <box label="Person" source="manual" occluded="1" xtl="497.53" ytl="164.88" xbr="504.80" ybr="179.08" z_order="0">
    </box>
    <box label="Person" source="manual" occluded="1" xtl="503.73" ytl="165.80" xbr="507.93" ybr="176.90" z_order="0">
    </box>
    <box label="Person" source="manual" occluded="1" xtl="486.02" ytl="168.96" xbr="493.32" ybr="181.96" z_order="0">
    </box>
    <box label="Person" source="manual" occluded="1" xtl="481.82" ytl="163.30" xbr="493.90" ybr="183.06" z_order="0">
    </box>
    <box label="Person" source="manual" occluded="1" xtl="539.30" ytl="165.30" xbr="544.90" ybr="168.39" z_order="0">
    </box>
    <box label="Person" source="manual" occluded="1" xtl="550.90" ytl="162.19" xbr="557.30" ybr="167.99" z_order="0">
    </box>
    <box label="Person" source="manual" occluded="1" xtl="574.97" ytl="164.96" xbr="583.27" ybr="173.66" z_order="0">
    </box>
    <box label="Person" source="manual" occluded="1" xtl="583.37" ytl="166.50" xbr="589.07" ybr="187.20" z_order="0">
    </box>
    <box label="Person" source="manual" occluded="0" xtl="590.40" ytl="164.50" xbr="595.77" ybr="186.70" z_order="0">
    </box>
    <box label="Person" source="manual" occluded="1" xtl="593.67" ytl="162.30" xbr="598.37" ybr="183.70" z_order="0">
    </box>
    <box label="Person" source="manual" occluded="0" xtl="500.72" ytl="174.00" xbr="542.20" ybr="261.32" z_order="0">
    </box>
    <box label="Person" source="manual" occluded="0" xtl="539.30" ytl="173.30" xbr="588.10" ybr="277.50" z_order="0">
    </box>
    <box label="Person" source="manual" occluded="1" xtl="568.20" ytl="278.70" xbr="600.00" ybr="333.31" z_order="0">
    </box>
    <box label="Person" source="manual" occluded="0" xtl="406.20" ytl="164.69" xbr="488.20" ybr="338.00" z_order="0">
    </box>
    <box label="Person" source="manual" occluded="0" xtl="262.25" ytl="155.40" xbr="353.50" ybr="338.00" z_order="0">
    </box>
    <box label="Person" source="manual" occluded="0" xtl="114.79" ytl="162.20" xbr="199.60" ybr="338.00" z_order="0">
    </box>
  </image>
  <image id="5" name="city-air-pollution-cyclist-mask_-x1650-1-1630x815.jpg" width="1630" height="815">
    <box label="Person" source="manual" occluded="1" xtl="1025.23" ytl="146.74" xbr="1105.23" ybr="316.73" z_order="0">
    </box>
    <box label="Car" source="manual" occluded="0" xtl="132.33" ytl="158.40" xbr="543.63" ybr="505.20" z_order="0">
    </box>
    <box label="Car" source="manual" occluded="1" xtl="487.95" ytl="147.34" xbr="1135.40" ybr="677.90" z_order="0">
    </box>
    <box label="Person" source="manual" occluded="1" xtl="0.00" ytl="0.00" xbr="326.79" ybr="815.00" z_order="0">
    </box>
    <box label="Car" source="manual" occluded="1" xtl="1027.31" ytl="0.00" xbr="1630.00" ybr="815.00" z_order="0">
    </box>
    <box label="Person" source="manual" occluded="0" xtl="653.30" ytl="8.04" xbr="932.35" ybr="728.30" z_order="0">
    </box>
  </image>
  <image id="6" name="nyc-intersection-crowded-busy-people-cars-yellow-taxis-iconic-traffic-street-business-manhattan-new-york-city-114460105.webp" width="800" height="534">
    <box label="Person" source="manual" occluded="0" xtl="398.60" ytl="129.70" xbr="407.70" ybr="161.20" z_order="0">
    </box>
    <box label="Car" source="manual" occluded="1" xtl="415.79" ytl="29.70" xbr="421.95" ybr="34.47" z_order="0">
    </box>
    <box label="Car" source="manual" occluded="1" xtl="378.01" ytl="49.39" xbr="389.83" ybr="57.46" z_order="0">
    </box>
    <box label="Car" source="manual" occluded="1" xtl="412.59" ytl="40.07" xbr="428.72" ybr="56.92" z_order="0">
    </box>
    <box label="Car" source="manual" occluded="1" xtl="355.96" ytl="59.32" xbr="375.50" ybr="79.39" z_order="0">
    </box>
    <box label="Car" source="manual" occluded="0" xtl="361.98" ytl="55.50" xbr="377.93" ybr="78.14" z_order="0">
    </box>
    <box label="Car" source="manual" occluded="1" xtl="364.82" ytl="52.21" xbr="378.22" ybr="63.11" z_order="0">
    </box>
    <box label="Car" source="manual" occluded="0" xtl="459.78" ytl="69.93" xbr="485.41" ybr="97.17" z_order="0">
    </box>
    <box label="Car" source="manual" occluded="1" xtl="356.87" ytl="103.60" xbr="379.47" ybr="110.10" z_order="0">
    </box>
    <box label="Car" source="manual" occluded="1" xtl="367.57" ytl="109.40" xbr="386.10" ybr="117.70" z_order="0">
    </box>
    <box label="Car" source="manual" occluded="1" xtl="348.20" ytl="107.90" xbr="374.60" ybr="142.10" z_order="0">
    </box>
    <box label="Car" source="manual" occluded="0" xtl="357.64" ytl="127.15" xbr="386.54" ybr="154.45" z_order="0">
    </box>
    <box label="Car" source="manual" occluded="1" xtl="325.60" ytl="123.25" xbr="356.61" ybr="165.60" z_order="0">
    </box>
    <box label="Car" source="manual" occluded="1" xtl="483.40" ytl="107.35" xbr="503.90" ybr="125.05" z_order="0">
    </box>
    <box label="Car" source="manual" occluded="1" xtl="496.62" ytl="114.43" xbr="536.65" ybr="129.86" z_order="0">
    </box>
    <box label="Car" source="manual" occluded="0" xtl="491.20" ytl="128.77" xbr="551.76" ybr="193.60" z_order="0">
    </box>
    <box label="Car" source="manual" occluded="1" xtl="270.01" ytl="149.42" xbr="307.31" ybr="177.50" z_order="0">
    </box>
    <box label="Car" source="manual" occluded="1" xtl="334.42" ytl="154.35" xbr="373.80" ybr="190.84" z_order="0">
    </box>
    <box label="Car" source="manual" occluded="0" xtl="268.75" ytl="165.80" xbr="319.50" ybr="212.70" z_order="0">
    </box>
    <box label="Car" source="manual" occluded="0" xtl="324.60" ytl="168.75" xbr="368.70" ybr="212.48" z_order="0">
    </box>
    <box label="Car" source="manual" occluded="0" xtl="1.10" ytl="247.42" xbr="104.43" ybr="299.92" z_order="0">
    </box>
    <box label="Car" source="manual" occluded="0" xtl="61.21" ytl="221.09" xbr="194.42" ybr="262.73" z_order="0">
    </box>
    <box label="Car" source="manual" occluded="0" xtl="89.33" ytl="277.90" xbr="253.77" ybr="348.20" z_order="0">
    </box>
    <box label="Car" source="manual" occluded="0" xtl="345.21" ytl="226.20" xbr="488.58" ybr="281.40" z_order="0">
    </box>
    <box label="Car" source="manual" occluded="1" xtl="445.00" ytl="421.10" xbr="559.20" ybr="501.73" z_order="0">
    </box>
    <box label="Car" source="manual" occluded="1" xtl="417.46" ytl="444.50" xbr="644.10" ybr="534.00" z_order="0">
    </box>
    <box label="Car" source="manual" occluded="1" xtl="720.64" ytl="486.11" xbr="800.00" ybr="534.00" z_order="0">
    </box>
    <box label="Person" source="manual" occluded="1" xtl="115.56" ytl="192.70" xbr="126.71" ybr="220.75" z_order="0">
    </box>
    <box label="Person" source="manual" occluded="0" xtl="196.26" ytl="194.08" xbr="208.65" ybr="230.48" z_order="0">
    </box>
    <box label="Person" source="manual" occluded="0" xtl="179.46" ytl="162.08" xbr="189.26" ybr="193.98" z_order="0">
    </box>
    <box label="Person" source="manual" occluded="0" xtl="162.76" ytl="160.08" xbr="172.66" ybr="192.38" z_order="0">
    </box>
    <box label="Person" source="manual" occluded="1" xtl="176.46" ytl="145.48" xbr="190.96" ybr="167.18" z_order="0">
    </box>
    <box label="Person" source="manual" occluded="1" xtl="186.02" ytl="136.65" xbr="197.12" ybr="164.05" z_order="0">
    </box>
    <box label="Person" source="manual" occluded="0" xtl="197.42" ytl="151.50" xbr="211.00" ybr="182.99" z_order="0">
    </box>
    <box label="Person" source="manual" occluded="1" xtl="217.70" ytl="137.48" xbr="227.70" ybr="166.78" z_order="0">
    </box>
    <box label="Person" source="manual" occluded="1" xtl="224.70" ytl="143.75" xbr="233.61" ybr="162.60" z_order="0">
    </box>
    <box label="Person" source="manual" occluded="0" xtl="230.89" ytl="138.72" xbr="237.83" ybr="163.94" z_order="0">
    </box>
    <box label="Person" source="manual" occluded="0" xtl="252.54" ytl="123.83" xbr="259.14" ybr="143.53" z_order="0">
    </box>
    <box label="Person" source="manual" occluded="0" xtl="315.85" ytl="127.51" xbr="325.11" ybr="155.30" z_order="0">
    </box>
    <box label="Person" source="manual" occluded="0" xtl="413.76" ytl="120.69" xbr="427.56" ybr="145.60" z_order="0">
    </box>
    <box label="Person" source="manual" occluded="1" xtl="555.31" ytl="119.85" xbr="566.06" ybr="146.19" z_order="0">
    </box>
    <box label="Person" source="manual" occluded="1" xtl="567.22" ytl="125.71" xbr="574.62" ybr="149.91" z_order="0">
    </box>
    <box label="Person" source="manual" occluded="1" xtl="590.63" ytl="133.12" xbr="599.33" ybr="160.57" z_order="0">
    </box>
    <box label="Person" source="manual" occluded="1" xtl="584.33" ytl="144.50" xbr="593.56" ybr="164.10" z_order="0">
    </box>
    <box label="Person" source="manual" occluded="0" xtl="557.44" ytl="155.80" xbr="572.16" ybr="188.78" z_order="0">
    </box>
    <box label="Person" source="manual" occluded="1" xtl="552.80" ytl="158.73" xbr="558.68" ybr="186.15" z_order="0">
    </box>
    <box label="Person" source="manual" occluded="1" xtl="594.63" ytl="176.29" xbr="612.91" ybr="193.49" z_order="0">
    </box>
    <box label="Person" source="manual" occluded="1" xtl="588.88" ytl="161.29" xbr="600.53" ybr="195.83" z_order="0">
    </box>
    <box label="Person" source="manual" occluded="0" xtl="601.46" ytl="161.16" xbr="611.10" ybr="180.30" z_order="0">
    </box>
    <box label="Person" source="manual" occluded="0" xtl="611.10" ytl="162.09" xbr="621.14" ybr="186.59" z_order="0">
    </box>
    <box label="Person" source="manual" occluded="0" xtl="263.28" ytl="183.57" xbr="277.28" ybr="220.48" z_order="0">
    </box>
    <box label="Person" source="manual" occluded="0" xtl="363.90" ytl="203.83" xbr="374.90" ybr="233.22" z_order="0">
    </box>
    <box label="Person" source="manual" occluded="1" xtl="361.74" ytl="193.68" xbr="377.84" ybr="219.40" z_order="0">
    </box>
    <box label="Person" source="manual" occluded="0" xtl="420.93" ytl="185.64" xbr="434.00" ybr="226.50" z_order="0">
    </box>
    <box label="Person" source="manual" occluded="1" xtl="454.03" ytl="197.61" xbr="464.74" ybr="228.00" z_order="0">
    </box>
    <box label="Person" source="manual" occluded="0" xtl="485.10" ytl="201.84" xbr="511.74" ybr="240.53" z_order="0">
    </box>
    <box label="Person" source="manual" occluded="1" xtl="484.83" ytl="198.63" xbr="508.13" ybr="235.98" z_order="0">
    </box>
    <box label="Person" source="manual" occluded="1" xtl="490.99" ytl="195.40" xbr="503.31" ybr="227.28" z_order="0">
    </box>
    <box label="Person" source="manual" occluded="0" xtl="642.27" ytl="194.24" xbr="653.70" ybr="236.11" z_order="0">
    </box>
    <box label="Person" source="manual" occluded="0" xtl="666.94" ytl="203.27" xbr="680.54" ybr="245.17" z_order="0">
    </box>
    <box label="Person" source="manual" occluded="0" xtl="682.45" ytl="201.79" xbr="699.98" ybr="243.69" z_order="0">
    </box>
    <box label="Person" source="manual" occluded="0" xtl="709.35" ytl="194.56" xbr="724.80" ybr="233.56" z_order="0">
    </box>
    <box label="Person" source="manual" occluded="0" xtl="295.65" ytl="322.40" xbr="335.23" ybr="388.10" z_order="0">
    </box>
    <box label="Person" source="manual" occluded="0" xtl="323.10" ytl="332.15" xbr="357.99" ybr="398.58" z_order="0">
    </box>
    <box label="Person" source="manual" occluded="1" xtl="326.84" ytl="307.60" xbr="366.67" ybr="368.16" z_order="0">
    </box>
    <box label="Person" source="manual" occluded="0" xtl="360.85" ytl="322.30" xbr="385.52" ybr="390.70" z_order="0">
    </box>
    <box label="Person" source="manual" occluded="1" xtl="375.38" ytl="310.95" xbr="395.54" ybr="380.02" z_order="0">
    </box>
    <box label="Person" source="manual" occluded="0" xtl="412.70" ytl="299.81" xbr="430.75" ybr="361.70" z_order="0">
    </box>
    <box label="Person" source="manual" occluded="1" xtl="429.13" ytl="478.20" xbr="456.70" ybr="519.60" z_order="0">
    </box>
    <box label="Person" source="manual" occluded="0" xtl="429.49" ytl="496.80" xbr="461.03" ybr="526.55" z_order="0">
    </box>
    <box label="Person" source="manual" occluded="1" xtl="464.61" ytl="470.99" xbr="530.03" ybr="534.00" z_order="0">
    </box>
    <box label="Person" source="manual" occluded="1" xtl="535.60" ytl="473.30" xbr="581.20" ybr="534.00" z_order="0">
    </box>
    <box label="Person" source="manual" occluded="1" xtl="552.04" ytl="498.04" xbr="585.65" ybr="534.00" z_order="0">
    </box>
    <box label="Person" source="manual" occluded="1" xtl="571.19" ytl="521.68" xbr="586.49" ybr="534.00" z_order="0">
    </box>
    <box label="Person" source="manual" occluded="1" xtl="595.50" ytl="498.24" xbr="632.83" ybr="534.00" z_order="0">
    </box>
    <box label="Person" source="manual" occluded="1" xtl="585.45" ytl="475.90" xbr="635.01" ybr="522.53" z_order="0">
    </box>
    <box label="Person" source="manual" occluded="0" xtl="666.52" ytl="398.11" xbr="696.70" ybr="484.74" z_order="0">
    </box>
  </image>
  <image id="7" name="HTZGMNJZ6JCX3PRLU5U7TAJRXY.avif" width="760" height="507">
    <box label="Person" source="manual" occluded="1" xtl="309.55" ytl="96.28" xbr="391.29" ybr="237.20" z_order="0">
    </box>
    <box label="Car" source="manual" occluded="1" xtl="214.46" ytl="55.30" xbr="401.09" ybr="190.40" z_order="0">
    </box>
    <box label="Car" source="manual" occluded="1" xtl="529.50" ytl="268.28" xbr="760.00" ybr="507.00" z_order="0">
    </box>
    <box label="Car" source="manual" occluded="1" xtl="23.91" ytl="30.44" xbr="249.02" ybr="93.65" z_order="0">
    </box>
    <box label="Car" source="manual" occluded="1" xtl="381.17" ytl="48.09" xbr="443.33" ybr="189.46" z_order="0">
    </box>
    <box label="Car" source="manual" occluded="1" xtl="390.57" ytl="34.60" xbr="651.19" ybr="191.93" z_order="0">
    </box>
    <box label="Car" source="manual" occluded="1" xtl="676.96" ytl="64.00" xbr="760.00" ybr="219.20" z_order="0">
    </box>
    <box label="Car" source="manual" occluded="1" xtl="707.29" ytl="59.72" xbr="760.00" ybr="268.90" z_order="0">
    </box>
    <box label="Car" source="manual" occluded="1" xtl="2.59" ytl="44.70" xbr="194.20" ybr="121.60" z_order="0">
    </box>
    <box label="Car" source="manual" occluded="1" xtl="0.99" ytl="62.32" xbr="213.24" ybr="286.20" z_order="0">
    </box>
    <box label="Car" source="manual" occluded="1" xtl="90.01" ytl="90.18" xbr="305.51" ybr="302.00" z_order="0">
    </box>
    <box label="Car" source="manual" occluded="0" xtl="0.00" ytl="117.24" xbr="270.50" ybr="339.70" z_order="0">
    </box>
    <box label="Car" source="manual" occluded="1" xtl="418.82" ytl="56.17" xbr="610.30" ybr="205.40" z_order="0">
    </box>
    <box label="Car" source="manual" occluded="1" xtl="442.99" ytl="88.46" xbr="697.40" ybr="238.17" z_order="0">
    </box>
    <box label="Car" source="manual" occluded="1" xtl="470.57" ytl="137.84" xbr="680.20" ybr="313.60" z_order="0">
    </box>
    <box label="Car" source="manual" occluded="1" xtl="502.03" ytl="175.66" xbr="760.00" ybr="361.80" z_order="0">
    </box>
    <box label="Person" source="manual" occluded="1" xtl="6.97" ytl="332.32" xbr="136.91" ybr="507.00" z_order="0">
    </box>
    <box label="Person" source="manual" occluded="1" xtl="112.72" ytl="327.87" xbr="206.03" ybr="507.00" z_order="0">
    </box>
    <box label="Person" source="manual" occluded="0" xtl="178.67" ytl="170.21" xbr="276.12" ybr="427.00" z_order="0">
    </box>
    <box label="Person" source="manual" occluded="0" xtl="223.51" ytl="214.51" xbr="325.72" ybr="428.90" z_order="0">
    </box>
    <box label="Person" source="manual" occluded="0" xtl="326.70" ytl="200.58" xbr="391.23" ybr="426.70" z_order="0">
    </box>
    <box label="Person" source="manual" occluded="0" xtl="349.84" ytl="229.80" xbr="453.47" ybr="427.06" z_order="0">
    </box>
    <box label="Person" source="manual" occluded="0" xtl="416.31" ytl="195.50" xbr="511.10" ybr="423.03" z_order="0">
    </box>
  </image>
  <image id="8" name="urban-evening-scene-people-walking-crosswalk-black-suv-driving-soft-focus-traffic-light-cloudy-sky-dusk-lion-415263134.webp" width="800" height="553">
    <box label="Person" source="manual" occluded="0" xtl="54.64" ytl="213.03" xbr="127.40" ybr="388.84" z_order="0">
    </box>
    <box label="Car" source="manual" occluded="0" xtl="670.79" ytl="298.29" xbr="784.09" ybr="337.57" z_order="0">
    </box>
    <box label="Car" source="manual" occluded="1" xtl="631.05" ytl="302.44" xbr="672.29" ybr="336.61" z_order="0">
    </box>
    <box label="Car" source="manual" occluded="1" xtl="563.17" ytl="305.00" xbr="653.80" ybr="336.69" z_order="0">
    </box>
    <box label="Car" source="manual" occluded="1" xtl="26.46" ytl="295.50" xbr="139.88" ybr="340.50" z_order="0">
    </box>
    <box label="Car" source="manual" occluded="0" xtl="289.12" ytl="261.00" xbr="559.98" ybr="358.89" z_order="0">
    </box>
    <box label="Person" source="manual" occluded="0" xtl="569.72" ytl="257.79" xbr="608.95" ybr="355.35" z_order="0">
    </box>
    <box label="Person" source="manual" occluded="0" xtl="184.90" ytl="246.50" xbr="231.21" ybr="365.20" z_order="0">
    </box>
    <box label="Person" source="manual" occluded="0" xtl="135.77" ytl="255.75" xbr="185.39" ybr="361.30" z_order="0">
    </box>
    <box label="Person" source="manual" occluded="0" xtl="20.98" ytl="264.39" xbr="56.83" ybr="351.47" z_order="0">
    </box>
  </image>
  <image id="9" name="36girlcrossingwidestreet.webp" width="1024" height="677">
    <box label="Car" source="manual" occluded="0" xtl="749.80" ytl="274.30" xbr="1022.10" ybr="407.20" z_order="0">
    </box>
    <box label="Car" source="manual" occluded="1" xtl="0.00" ytl="298.00" xbr="73.62" ybr="356.22" z_order="0">
    </box>
    <box label="Car" source="manual" occluded="1" xtl="68.70" ytl="288.40" xbr="203.07" ybr="367.60" z_order="0">
    </box>
    <box label="Car" source="manual" occluded="0" xtl="237.80" ytl="295.70" xbr="418.70" ybr="387.50" z_order="0">
    </box>
    <box label="Car" source="manual" occluded="1" xtl="363.59" ytl="294.19" xbr="494.68" ybr="361.00" z_order="0">
    </box>
    <box label="Car" source="manual" occluded="1" xtl="663.60" ytl="280.40" xbr="795.33" ybr="372.30" z_order="0">
    </box>
    <box label="Person" source="manual" occluded="0" xtl="476.91" ytl="234.10" xbr="577.30" ybr="500.20" z_order="0">
    </box>
  </image>
  <image id="10" name="w1024-p16x9-2020-06-21T123149Z_473845416_RC2ODH9FBRPQ_RTRMADP_3_HEALTH-CORONAVIRUS-SPAIN-BORDERS.jpg" width="1024" height="576">
    <box label="Person" source="manual" occluded="1" xtl="644.60" ytl="299.58" xbr="786.00" ybr="551.65" z_order="0">
    </box>
    <box label="Car" source="manual" occluded="0" xtl="273.60" ytl="142.76" xbr="314.36" ybr="181.79" z_order="0">
    </box>
    <box label="Car" source="manual" occluded="1" xtl="338.70" ytl="156.10" xbr="362.12" ybr="168.86" z_order="0">
    </box>
    <box label="Car" source="manual" occluded="0" xtl="410.90" ytl="140.87" xbr="459.37" ybr="175.12" z_order="0">
    </box>
    <box label="Car" source="manual" occluded="1" xtl="456.90" ytl="143.69" xbr="487.50" ybr="176.50" z_order="0">
    </box>
    <box label="Car" source="manual" occluded="0" xtl="506.60" ytl="168.20" xbr="637.49" ybr="256.88" z_order="0">
    </box>
    <box label="Car" source="manual" occluded="0" xtl="671.20" ytl="157.94" xbr="755.60" ybr="208.50" z_order="0">
    </box>
    <box label="Person" source="manual" occluded="0" xtl="204.50" ytl="139.62" xbr="216.50" ybr="183.00" z_order="0">
    </box>
    <box label="Person" source="manual" occluded="0" xtl="641.60" ytl="135.90" xbr="657.16" ybr="177.55" z_order="0">
    </box>
    <box label="Person" source="manual" occluded="0" xtl="655.40" ytl="142.79" xbr="668.30" ybr="178.79" z_order="0">
    </box>
    <box label="Person" source="manual" occluded="0" xtl="221.25" ytl="131.54" xbr="264.39" ybr="214.57" z_order="0">
    </box>
    <box label="Person" source="manual" occluded="0" xtl="226.91" ytl="155.47" xbr="259.61" ybr="300.30" z_order="0">
    </box>
    <box label="Person" source="manual" occluded="0" xtl="263.10" ytl="181.72" xbr="304.16" ybr="299.92" z_order="0">
    </box>
    <box label="Person" source="manual" occluded="1" xtl="326.09" ytl="180.27" xbr="382.30" ybr="275.99" z_order="0">
    </box>
    <box label="Person" source="manual" occluded="1" xtl="357.80" ytl="184.42" xbr="415.29" ybr="307.10" z_order="0">
    </box>
    <box label="Person" source="manual" occluded="1" xtl="294.99" ytl="263.79" xbr="389.66" ybr="548.46" z_order="0">
    </box>
    <box label="Person" source="manual" occluded="1" xtl="386.93" ytl="246.13" xbr="494.57" ybr="564.10" z_order="0">
    </box>
    <box label="Person" source="manual" occluded="1" xtl="610.90" ytl="432.20" xbr="803.11" ybr="576.00" z_order="0">
    </box>
    <box label="Person" source="manual" occluded="1" xtl="751.80" ytl="367.55" xbr="927.14" ybr="576.00" z_order="0">
    </box>
    <box label="Person" source="manual" occluded="1" xtl="726.47" ytl="271.66" xbr="825.05" ybr="467.20" z_order="0">
    </box>
  </image>
  <image id="11" name="cars-line-on-busy-city-600nw-2659334681.webp" width="600" height="400">
    <box label="Car" source="manual" occluded="1" xtl="353.42" ytl="94.83" xbr="367.62" ybr="103.76" z_order="0">
    </box>
    <box label="Car" source="manual" occluded="1" xtl="372.50" ytl="93.50" xbr="392.35" ybr="106.88" z_order="0">
    </box>
    <box label="Car" source="manual" occluded="1" xtl="343.19" ytl="95.81" xbr="347.90" ybr="107.12" z_order="0">
    </box>
    <box label="Car" source="manual" occluded="1" xtl="347.30" ytl="95.22" xbr="353.20" ybr="103.62" z_order="0">
    </box>
    <box label="Car" source="manual" occluded="1" xtl="331.21" ytl="87.90" xbr="344.68" ybr="109.50" z_order="0">
    </box>
    <box label="Car" source="manual" occluded="1" xtl="291.40" ytl="91.80" xbr="321.46" ybr="118.00" z_order="0">
    </box>
    <box label="Car" source="manual" occluded="1" xtl="191.40" ytl="89.64" xbr="253.60" ybr="172.92" z_order="0">
    </box>
    <box label="Car" source="manual" occluded="1" xtl="370.30" ytl="87.49" xbr="462.96" ybr="168.70" z_order="0">
    </box>
    <box label="Car" source="manual" occluded="1" xtl="67.41" ytl="80.57" xbr="226.51" ybr="216.40" z_order="0">
    </box>
    <box label="Car" source="manual" occluded="1" xtl="0.00" ytl="26.88" xbr="146.50" ybr="400.00" z_order="0">
    </box>
    <box label="Car" source="manual" occluded="1" xtl="429.87" ytl="80.66" xbr="503.76" ybr="136.80" z_order="0">
    </box>
    <box label="Car" source="manual" occluded="1" xtl="422.80" ytl="66.00" xbr="600.00" ybr="399.63" z_order="0">
    </box>
    <box label="Person" source="manual" occluded="0" xtl="313.70" ytl="80.69" xbr="346.04" ybr="144.90" z_order="0">
    </box>
  </image>
  <image id="12" name="22108020763_1ffb094730_o_1.webp" width="1400" height="788">
    <box label="Person" source="manual" occluded="0" xtl="286.70" ytl="320.85" xbr="412.60" ybr="610.02" z_order="0">
    </box>
    <box label="Person" source="manual" occluded="0" xtl="573.80" ytl="206.59" xbr="667.92" ybr="403.55" z_order="0">
    </box>
    <box label="Person" source="manual" occluded="0" xtl="735.63" ytl="108.73" xbr="780.99" ybr="236.20" z_order="0">
    </box>
    <box label="Person" source="manual" occluded="0" xtl="994.41" ytl="135.00" xbr="1055.56" ybr="291.12" z_order="0">
    </box>
    <box label="Person" source="manual" occluded="0" xtl="1090.04" ytl="127.18" xbr="1148.88" ybr="297.10" z_order="0">
    </box>
    <box label="Person" source="manual" occluded="1" xtl="207.10" ytl="75.10" xbr="259.90" ybr="160.62" z_order="0">
    </box>
  </image>
  <image id="13" name="group-of-cars-driving-down-street-next-to-traffic-light.jpg" width="970" height="646">
    <box label="Car" source="manual" occluded="0" xtl="70.17" ytl="20.30" xbr="161.40" ybr="105.30" z_order="0">
    </box>
    <box label="Car" source="manual" occluded="0" xtl="170.78" ytl="84.20" xbr="268.00" ybr="171.90" z_order="0">
    </box>
    <box label="Car" source="manual" occluded="0" xtl="269.40" ytl="150.90" xbr="411.54" ybr="250.30" z_order="0">
    </box>
    <box label="Car" source="manual" occluded="0" xtl="400.80" ytl="205.80" xbr="541.30" ybr="307.40" z_order="0">
    </box>
    <box label="Car" source="manual" occluded="0" xtl="432.44" ytl="141.70" xbr="585.60" ybr="249.10" z_order="0">
    </box>
    <box label="Car" source="manual" occluded="0" xtl="607.20" ytl="210.80" xbr="768.50" ybr="313.80" z_order="0">
    </box>
    <box label="Car" source="manual" occluded="0" xtl="458.30" ytl="319.10" xbr="638.50" ybr="435.80" z_order="0">
    </box>
    <box label="Car" source="manual" occluded="0" xtl="542.00" ytl="266.90" xbr="730.10" ybr="382.00" z_order="0">
    </box>
    <box label="Car" source="manual" occluded="0" xtl="263.40" ytl="437.00" xbr="431.50" ybr="550.30" z_order="0">
    </box>
  </image>
  <image id="14" name="235102036-warsaw-poland-11-april-2024-crowd-of-people-crossing-street-on-traffic-light-zebra-in-the-city-at.jpg" width="450" height="253">
    <box label="Car" source="manual" occluded="1" xtl="221.36" ytl="51.23" xbr="289.01" ybr="61.41" z_order="0">
    </box>
    <box label="Car" source="manual" occluded="1" xtl="256.91" ytl="50.23" xbr="296.19" ybr="62.20" z_order="0">
    </box>
    <box label="Car" source="manual" occluded="0" xtl="298.73" ytl="45.54" xbr="322.73" ybr="55.54" z_order="0">
    </box>
    <box label="Car" source="manual" occluded="1" xtl="319.13" ytl="48.80" xbr="340.93" ybr="57.54" z_order="0">
    </box>
    <box label="Car" source="manual" occluded="1" xtl="319.25" ytl="51.69" xbr="361.25" ybr="63.72" z_order="0">
    </box>
    <box label="Car" source="manual" occluded="1" xtl="352.34" ytl="51.69" xbr="403.60" ybr="65.00" z_order="0">
    </box>
    <box label="Car" source="manual" occluded="1" xtl="349.38" ytl="46.60" xbr="380.98" ybr="52.10" z_order="0">
    </box>
    <box label="Car" source="manual" occluded="1" xtl="405.84" ytl="48.97" xbr="445.95" ybr="59.35" z_order="0">
    </box>
    <box label="Car" source="manual" occluded="1" xtl="441.15" ytl="53.39" xbr="450.00" ybr="62.60" z_order="0">
    </box>
    <box label="Car" source="manual" occluded="1" xtl="36.03" ytl="53.70" xbr="124.16" ybr="87.96" z_order="0">
    </box>
    <box label="Car" source="manual" occluded="1" xtl="49.95" ytl="60.17" xbr="252.86" ybr="152.70" z_order="0">
    </box>
    <box label="Car" source="manual" occluded="1" xtl="246.78" ytl="63.13" xbr="450.00" ybr="149.85" z_order="0">
    </box>
    <box label="Person" source="manual" occluded="1" xtl="0.00" ytl="40.64" xbr="66.30" ybr="253.00" z_order="0">
    </box>
    <box label="Person" source="manual" occluded="0" xtl="90.09" ytl="56.30" xbr="155.02" ybr="253.00" z_order="0">
    </box>
    <box label="Person" source="manual" occluded="0" xtl="266.73" ytl="51.79" xbr="360.84" ybr="248.50" z_order="0">
    </box>
    <box label="Person" source="manual" occluded="0" xtl="305.27" ytl="61.62" xbr="371.80" ybr="243.44" z_order="0">
    </box>
    <box label="Person" source="manual" occluded="0" xtl="164.78" ytl="52.90" xbr="233.79" ybr="253.00" z_order="0">
    </box>
    <box label="Person" source="manual" occluded="0" xtl="167.75" ytl="59.40" xbr="257.31" ybr="252.60" z_order="0">
    </box>
  </image>
  <image id="15" name="de6ec59378d89611a2ec5baedda3e9bb-desktop.webp" width="1100" height="544">
    <box label="Car" source="manual" occluded="0" xtl="0.00" ytl="272.85" xbr="297.17" ybr="379.21" z_order="0">
    </box>
    <box label="Car" source="manual" occluded="0" xtl="300.16" ytl="276.13" xbr="555.70" ybr="374.47" z_order="0">
    </box>
    <box label="Car" source="manual" occluded="0" xtl="567.98" ytl="281.10" xbr="801.80" ybr="375.20" z_order="0">
    </box>
    <box label="Car" source="manual" occluded="0" xtl="802.36" ytl="268.50" xbr="1100.00" ybr="381.78" z_order="0">
    </box>
    <box label="Person" source="manual" occluded="1" xtl="212.15" ytl="271.96" xbr="222.55" ybr="296.46" z_order="0">
    </box>
    <box label="Person" source="manual" occluded="1" xtl="222.25" ytl="268.46" xbr="237.95" ybr="303.76" z_order="0">
    </box>
    <box label="Person" source="manual" occluded="1" xtl="236.95" ytl="271.17" xbr="248.95" ybr="305.17" z_order="0">
    </box>
    <box label="Person" source="manual" occluded="1" xtl="247.65" ytl="273.37" xbr="260.15" ybr="307.50" z_order="0">
    </box>
    <box label="Person" source="manual" occluded="0" xtl="496.07" ytl="273.25" xbr="506.47" ybr="301.35" z_order="0">
    </box>
    <box label="Person" source="manual" occluded="0" xtl="518.74" ytl="274.79" xbr="524.70" ybr="296.49" z_order="0">
    </box>
    <box label="Person" source="manual" occluded="0" xtl="529.64" ytl="271.79" xbr="538.14" ybr="295.49" z_order="0">
    </box>
    <box label="Person" source="manual" occluded="1" xtl="693.41" ytl="274.91" xbr="699.31" ybr="283.11" z_order="0">
    </box>
    <box label="Person" source="manual" occluded="1" xtl="703.01" ytl="275.01" xbr="707.51" ybr="284.21" z_order="0">
    </box>
    <box label="Person" source="manual" occluded="1" xtl="707.11" ytl="276.51" xbr="712.61" ybr="286.01" z_order="0">
    </box>
    <box label="Person" source="manual" occluded="0" xtl="755.79" ytl="271.84" xbr="761.68" ybr="292.44" z_order="0">
    </box>
    <box label="Person" source="manual" occluded="0" xtl="764.55" ytl="274.24" xbr="773.70" ybr="297.94" z_order="0">
    </box>
    <box label="Person" source="manual" occluded="0" xtl="772.05" ytl="275.34" xbr="779.75" ybr="297.94" z_order="0">
    </box>
    <box label="Person" source="manual" occluded="0" xtl="778.45" ytl="275.14" xbr="785.25" ybr="296.14" z_order="0">
    </box>
    <box label="Person" source="manual" occluded="0" xtl="783.45" ytl="274.74" xbr="794.15" ybr="295.54" z_order="0">
    </box>
    <box label="Person" source="manual" occluded="0" xtl="808.00" ytl="273.14" xbr="817.83" ybr="297.67" z_order="0">
    </box>
    <box label="Person" source="manual" occluded="0" xtl="818.10" ytl="273.37" xbr="826.05" ybr="286.90" z_order="0">
    </box>
    <box label="Person" source="manual" occluded="0" xtl="791.86" ytl="272.33" xbr="799.26" ybr="299.03" z_order="0">
    </box>
    <box label="Person" source="manual" occluded="1" xtl="1008.58" ytl="268.10" xbr="1021.02" ybr="288.21" z_order="0">
    </box>
    <box label="Person" source="manual" occluded="1" xtl="1035.90" ytl="259.18" xbr="1043.20" ybr="279.92" z_order="0">
    </box>
    <box label="Person" source="manual" occluded="0" xtl="1087.79" ytl="267.50" xbr="1100.00" ybr="307.49" z_order="0">
    </box>
  </image>
  <image id="16" name="181106-car-free_oslo-mc-340.webp" width="560" height="315">
    <box label="Person" source="manual" occluded="1" xtl="18.70" ytl="78.74" xbr="40.46" ybr="144.80" z_order="0">
    </box>
    <box label="Person" source="manual" occluded="1" xtl="31.85" ytl="86.92" xbr="57.03" ybr="120.50" z_order="0">
    </box>
    <box label="Person" source="manual" occluded="1" xtl="66.07" ytl="66.48" xbr="82.85" ybr="120.27" z_order="0">
    </box>
    <box label="Person" source="manual" occluded="1" xtl="78.76" ytl="75.73" xbr="92.75" ybr="100.04" z_order="0">
    </box>
    <box label="Person" source="manual" occluded="0" xtl="90.60" ytl="59.37" xbr="120.08" ybr="145.50" z_order="0">
    </box>
    <box label="Person" source="manual" occluded="0" xtl="118.79" ytl="59.37" xbr="143.50" ybr="133.61" z_order="0">
    </box>
    <box label="Person" source="manual" occluded="0" xtl="139.75" ytl="59.27" xbr="159.06" ybr="125.95" z_order="0">
    </box>
    <box label="Person" source="manual" occluded="0" xtl="241.70" ytl="54.12" xbr="268.00" ybr="132.29" z_order="0">
    </box>
    <box label="Person" source="manual" occluded="0" xtl="170.00" ytl="63.22" xbr="246.30" ybr="202.44" z_order="0">
    </box>
    <box label="Person" source="manual" occluded="0" xtl="387.95" ytl="57.97" xbr="457.80" ybr="237.60" z_order="0">
    </box>
  </image>
  <image id="17" name="images.jfif" width="300" height="168">
    <box label="Car" source="manual" occluded="1" xtl="59.40" ytl="47.96" xbr="97.93" ybr="94.54" z_order="0">
    </box>
    <box label="Car" source="manual" occluded="1" xtl="83.95" ytl="49.02" xbr="97.60" ybr="102.25" z_order="0">
    </box>
    <box label="Car" source="manual" occluded="1" xtl="88.25" ytl="40.80" xbr="109.93" ybr="114.97" z_order="0">
    </box>
    <box label="Car" source="manual" occluded="0" xtl="101.10" ytl="29.56" xbr="214.08" ybr="131.50" z_order="0">
    </box>
    <box label="Person" source="manual" occluded="0" xtl="186.49" ytl="24.10" xbr="269.21" ybr="156.20" z_order="0">
    </box>
  </image>
  <image id="18" name="cc4316b47fd2261fe6785f42585f932a.webp" width="1242" height="828">
    <box label="Car" source="manual" occluded="0" xtl="511.40" ytl="100.21" xbr="642.00" ybr="222.60" z_order="0">
    </box>
    <box label="Car" source="manual" occluded="1" xtl="0.88" ytl="347.20" xbr="516.98" ybr="618.20" z_order="0">
    </box>
    <box label="Car" source="manual" occluded="0" xtl="670.50" ytl="367.20" xbr="1241.56" ybr="606.60" z_order="0">
    </box>
    <box label="Person" source="manual" occluded="0" xtl="123.57" ytl="351.01" xbr="224.08" ybr="782.10" z_order="0">
    </box>
    <box label="Person" source="manual" occluded="0" xtl="359.99" ytl="223.14" xbr="421.78" ybr="392.10" z_order="0">
    </box>
    <box label="Person" source="manual" occluded="0" xtl="441.40" ytl="184.63" xbr="502.30" ybr="339.00" z_order="0">
    </box>
    <box label="Person" source="manual" occluded="0" xtl="686.30" ytl="119.67" xbr="717.39" ybr="228.90" z_order="0">
    </box>
    <box label="Person" source="manual" occluded="0" xtl="764.00" ytl="115.20" xbr="797.38" ybr="213.50" z_order="0">
    </box>
    <box label="Person" source="manual" occluded="0" xtl="1057.41" ytl="156.27" xbr="1108.80" ybr="279.21" z_order="0">
    </box>
    <box label="Person" source="manual" occluded="0" xtl="544.03" ytl="279.04" xbr="621.53" ybr="476.90" z_order="0">
    </box>
    <box label="Person" source="manual" occluded="1" xtl="826.67" ytl="309.42" xbr="899.60" ybr="392.25" z_order="0">
    </box>
  </image>
  <image id="19" name="76621489-valencia-spain-august-01-2016-cars-waiting-at-traffic-light-for-pedestrians-to-cross-the-street.jpg" width="1300" height="867">
    <box label="Car" source="manual" occluded="1" xtl="339.08" ytl="85.02" xbr="428.40" ybr="180.10" z_order="0">
    </box>
    <box label="Car" source="manual" occluded="0" xtl="471.50" ytl="137.50" xbr="568.10" ybr="234.84" z_order="0">
    </box>
    <box label="Car" source="manual" occluded="0" xtl="255.60" ytl="119.20" xbr="405.80" ybr="321.90" z_order="0">
    </box>
    <box label="Car" source="manual" occluded="0" xtl="330.40" ytl="303.40" xbr="452.70" ybr="435.90" z_order="0">
    </box>
    <box label="Car" source="manual" occluded="0" xtl="599.10" ytl="167.90" xbr="712.20" ybr="257.50" z_order="0">
    </box>
    <box label="Car" source="manual" occluded="0" xtl="516.60" ytl="194.20" xbr="626.20" ybr="294.00" z_order="0">
    </box>
    <box label="Car" source="manual" occluded="0" xtl="468.90" ytl="318.90" xbr="597.40" ybr="454.70" z_order="0">
    </box>
    <box label="Car" source="manual" occluded="0" xtl="580.40" ytl="267.00" xbr="680.90" ybr="369.10" z_order="0">
    </box>
    <box label="Car" source="manual" occluded="0" xtl="655.00" ytl="239.20" xbr="773.50" ybr="343.10" z_order="0">
    </box>
    <box label="Car" source="manual" occluded="0" xtl="397.80" ytl="443.32" xbr="544.50" ybr="590.70" z_order="0">
    </box>
    <box label="Car" source="manual" occluded="0" xtl="561.70" ytl="417.10" xbr="706.80" ybr="587.10" z_order="0">
    </box>
    <box label="Car" source="manual" occluded="0" xtl="633.80" ytl="325.29" xbr="740.20" ybr="434.70" z_order="0">
    </box>
    <box label="Car" source="manual" occluded="0" xtl="698.70" ytl="410.60" xbr="856.40" ybr="540.60" z_order="0">
    </box>
    <box label="Car" source="manual" occluded="0" xtl="746.50" ytl="296.00" xbr="903.90" ybr="455.50" z_order="0">
    </box>
    <box label="Car" source="manual" occluded="0" xtl="859.40" ytl="436.40" xbr="1021.10" ybr="579.00" z_order="0">
    </box>
    <box label="Car" source="manual" occluded="0" xtl="111.60" ytl="469.80" xbr="231.70" ybr="612.40" z_order="0">
    </box>
    <box label="Person" source="manual" occluded="0" xtl="318.75" ytl="482.30" xbr="384.60" ybr="586.10" z_order="0">
    </box>
  </image>
  <image id="20" name="iStock-1356377470.avif" width="3862" height="2578">
    <box label="Car" source="manual" occluded="0" xtl="842.11" ytl="2018.10" xbr="1572.30" ybr="2375.72" z_order="0">
    </box>
    <box label="Car" source="manual" occluded="0" xtl="1038.30" ytl="1757.70" xbr="1589.20" ybr="2080.40" z_order="0">
    </box>
    <box label="Car" source="manual" occluded="1" xtl="0.00" ytl="2137.00" xbr="320.00" ybr="2426.20" z_order="0">
    </box>
    <box label="Car" source="manual" occluded="0" xtl="1473.90" ytl="1566.00" xbr="2006.10" ybr="1885.30" z_order="0">
    </box>
    <box label="Car" source="manual" occluded="0" xtl="2003.30" ytl="1688.50" xbr="2598.00" ybr="2001.91" z_order="0">
    </box>
    <box label="Car" source="manual" occluded="0" xtl="1928.00" ytl="1985.40" xbr="2559.40" ybr="2338.00" z_order="0">
    </box>
    <box label="Car" source="manual" occluded="0" xtl="2928.80" ytl="2072.00" xbr="3640.10" ybr="2455.70" z_order="0">
    </box>
    <box label="Car" source="manual" occluded="1" xtl="3517.90" ytl="1823.90" xbr="3862.00" ybr="2111.60" z_order="0">
    </box>
    <box label="Car" source="manual" occluded="0" xtl="0.00" ytl="1504.02" xbr="553.92" ybr="1840.60" z_order="0">
    </box>
    <box label="Car" source="manual" occluded="0" xtl="510.68" ytl="1369.70" xbr="1044.29" ybr="1650.44" z_order="0">
    </box>
    <box label="Car" source="manual" occluded="0" xtl="972.12" ytl="1013.70" xbr="1435.55" ybr="1462.35" z_order="0">
    </box>
    <box label="Car" source="manual" occluded="0" xtl="1488.50" ytl="1108.62" xbr="1837.22" ybr="1401.70" z_order="0">
    </box>
    <box label="Car" source="manual" occluded="0" xtl="1832.20" ytl="1309.60" xbr="2430.70" ybr="1653.68" z_order="0">
    </box>
    <box label="Car" source="manual" occluded="1" xtl="0.00" ytl="469.40" xbr="409.80" ybr="737.50" z_order="0">
    </box>
    <box label="Car" source="manual" occluded="1" xtl="0.00" ytl="87.19" xbr="33.19" ybr="230.12" z_order="0">
    </box>
    <box label="Car" source="manual" occluded="0" xtl="1.90" ytl="74.20" xbr="648.56" ybr="420.10" z_order="0">
    </box>
    <box label="Car" source="manual" occluded="1" xtl="166.70" ytl="0.00" xbr="787.70" ybr="226.00" z_order="0">
    </box>
    <box label="Car" source="manual" occluded="0" xtl="619.22" ytl="324.17" xbr="1191.80" ybr="587.78" z_order="0">
    </box>
    <box label="Car" source="manual" occluded="0" xtl="863.00" ytl="9.17" xbr="1330.73" ybr="229.10" z_order="0">
    </box>
    <box label="Car" source="manual" occluded="0" xtl="1288.00" ytl="241.22" xbr="1732.93" ybr="472.30" z_order="0">
    </box>
    <box label="Car" source="manual" occluded="0" xtl="955.64" ytl="461.46" xbr="1505.85" ybr="738.49" z_order="0">
    </box>
    <box label="Car" source="manual" occluded="0" xtl="520.50" ytl="673.36" xbr="1076.06" ybr="914.73" z_order="0">
    </box>
    <box label="Car" source="manual" occluded="0" xtl="1268.20" ytl="761.90" xbr="1803.26" ybr="1091.04" z_order="0">
    </box>
    <box label="Car" source="manual" occluded="0" xtl="1626.20" ytl="549.72" xbr="2096.18" ybr="793.26" z_order="0">
    </box>
    <box label="Car" source="manual" occluded="0" xtl="1802.66" ytl="315.55" xbr="2327.58" ybr="576.63" z_order="0">
    </box>
    <box label="Car" source="manual" occluded="0" xtl="2500.15" ytl="399.10" xbr="2992.87" ybr="650.91" z_order="0">
    </box>
    <box label="Car" source="manual" occluded="0" xtl="1925.80" ytl="889.80" xbr="2515.60" ybr="1192.49" z_order="0">
    </box>
    <box label="Car" source="manual" occluded="0" xtl="2438.74" ytl="776.81" xbr="3031.40" ybr="1089.00" z_order="0">
    </box>
    <box label="Car" source="manual" occluded="0" xtl="2898.99" ytl="884.01" xbr="2933.67" ybr="885.20" z_order="0">
    </box>
    <box label="Car" source="manual" occluded="1" xtl="2896.30" ytl="886.20" xbr="3862.00" ybr="1618.45" z_order="0">
    </box>
    <box label="Car" source="manual" occluded="1" xtl="3823.61" ytl="544.01" xbr="3862.00" ybr="674.35" z_order="0">
    </box>
    <box label="Person" source="manual" occluded="0" xtl="2685.41" ytl="117.59" xbr="2777.32" ybr="280.00" z_order="0">
    </box>
    <box label="Person" source="manual" occluded="1" xtl="771.32" ytl="751.64" xbr="836.98" ybr="806.39" z_order="0">
    </box>
    <box label="Person" source="manual" occluded="1" xtl="3790.54" ytl="0.00" xbr="3862.00" ybr="122.81" z_order="0">
    </box>
  </image>
  <image id="21" name="SR_24.11.14_nondrivers_feature.webp" width="640" height="360">
    <box label="Car" source="manual" occluded="1" xtl="261.29" ytl="0.00" xbr="364.17" ybr="71.85" z_order="0">
    </box>
    <box label="Car" source="manual" occluded="1" xtl="523.24" ytl="0.00" xbr="640.00" ybr="177.40" z_order="0">
    </box>
    <box label="Car" source="manual" occluded="1" xtl="0.00" ytl="44.43" xbr="34.70" ybr="139.72" z_order="0">
    </box>
    <box label="Car" source="manual" occluded="0" xtl="59.67" ytl="93.88" xbr="191.40" ybr="226.93" z_order="0">
    </box>
    <box label="Car" source="manual" occluded="1" xtl="0.00" ytl="238.00" xbr="85.99" ybr="360.00" z_order="0">
    </box>
    <box label="Car" source="manual" occluded="1" xtl="503.38" ytl="291.15" xbr="640.00" ybr="360.00" z_order="0">
    </box>
    <box label="Person" source="manual" occluded="0" xtl="314.58" ytl="139.60" xbr="356.29" ybr="254.88" z_order="0">
    </box>
    <box label="Person" source="manual" occluded="1" xtl="332.47" ytl="128.04" xbr="374.97" ybr="247.10" z_order="0">
    </box>
    <box label="Person" source="manual" occluded="0" xtl="385.34" ytl="211.38" xbr="463.88" ybr="335.66" z_order="0">
    </box>
  </image>
  <image id="22" name="download.jfif" width="320" height="213">
    <box label="Car" source="manual" occluded="0" xtl="89.20" ytl="23.45" xbr="206.37" ybr="141.23" z_order="0">
    </box>
    <box label="Car" source="manual" occluded="1" xtl="190.17" ytl="44.04" xbr="304.90" ybr="126.05" z_order="0">
    </box>
    <box label="Person" source="manual" occluded="0" xtl="31.63" ytl="17.74" xbr="92.58" ybr="177.40" z_order="0">
    </box>
    <box label="Person" source="manual" occluded="0" xtl="201.16" ytl="34.76" xbr="256.30" ybr="159.70" z_order="0">
    </box>
  </image>
  <image id="23" name="20230615-pie-calle-1.jpg" width="800" height="450">
    <box label="Car" source="manual" occluded="1" xtl="0.00" ytl="143.14" xbr="123.00" ybr="308.99" z_order="0">
    </box>
    <box label="Car" source="manual" occluded="1" xtl="215.43" ytl="122.92" xbr="284.63" ybr="160.52" z_order="0">
    </box>
    <box label="Car" source="manual" occluded="1" xtl="238.49" ytl="110.15" xbr="281.39" ybr="132.95" z_order="0">
    </box>
    <box label="Car" source="manual" occluded="1" xtl="266.59" ytl="112.03" xbr="311.19" ybr="135.33" z_order="0">
    </box>
    <box label="Car" source="manual" occluded="1" xtl="338.78" ytl="90.68" xbr="423.59" ybr="156.11" z_order="0">
    </box>
    <box label="Car" source="manual" occluded="0" xtl="374.75" ytl="129.68" xbr="510.33" ybr="189.19" z_order="0">
    </box>
    <box label="Car" source="manual" occluded="0" xtl="428.48" ytl="49.12" xbr="606.51" ybr="173.30" z_order="0">
    </box>
    <box label="Person" source="manual" occluded="1" xtl="400.28" ytl="116.71" xbr="417.67" ybr="132.71" z_order="0">
    </box>
    <box label="Person" source="manual" occluded="1" xtl="548.70" ytl="71.07" xbr="562.10" ybr="85.43" z_order="0">
    </box>
    <box label="Person" source="manual" occluded="0" xtl="525.70" ytl="127.60" xbr="552.61" ybr="178.31" z_order="0">
    </box>
    <box label="Person" source="manual" occluded="0" xtl="559.58" ytl="121.68" xbr="583.27" ybr="178.98" z_order="0">
    </box>
    <box label="Person" source="manual" occluded="0" xtl="605.90" ytl="109.20" xbr="624.40" ybr="160.60" z_order="0">
    </box>
    <box label="Person" source="manual" occluded="0" xtl="648.98" ytl="112.58" xbr="672.58" ybr="164.20" z_order="0">
    </box>
    <box label="Person" source="manual" occluded="0" xtl="689.10" ytl="122.51" xbr="715.72" ybr="190.17" z_order="0">
    </box>
    <box label="Person" source="manual" occluded="1" xtl="39.24" ytl="325.73" xbr="187.75" ybr="450.00" z_order="0">
    </box>
    <box label="Person" source="manual" occluded="0" xtl="199.30" ytl="185.28" xbr="305.30" ybr="432.62" z_order="0">
    </box>
    <box label="Person" source="manual" occluded="1" xtl="262.70" ytl="312.30" xbr="434.30" ybr="450.00" z_order="0">
    </box>
    <box label="Person" source="manual" occluded="1" xtl="315.00" ytl="170.98" xbr="388.87" ybr="384.70" z_order="0">
    </box>
    <box label="Person" source="manual" occluded="0" xtl="382.10" ytl="180.06" xbr="457.77" ybr="420.00" z_order="0">
    </box>
    <box label="Person" source="manual" occluded="0" xtl="436.68" ytl="203.03" xbr="518.83" ybr="450.00" z_order="0">
    </box>
    <box label="Person" source="manual" occluded="1" xtl="459.54" ytl="213.33" xbr="595.24" ybr="431.76" z_order="0">
    </box>
    <box label="Person" source="manual" occluded="1" xtl="495.35" ytl="326.66" xbr="622.48" ybr="450.00" z_order="0">
    </box>
  </image>
  <image id="24" name="FRESNO-CITY-COLLEGE-STUDENTS-WALKING.webp" width="1920" height="1080">
    <box label="Car" source="manual" occluded="1" xtl="703.81" ytl="436.40" xbr="803.60" ybr="481.09" z_order="0">
    </box>
    <box label="Car" source="manual" occluded="1" xtl="1814.72" ytl="337.73" xbr="1920.00" ybr="519.75" z_order="0">
    </box>
    <box label="Car" source="manual" occluded="1" xtl="0.00" ytl="446.80" xbr="199.91" ybr="687.16" z_order="0">
    </box>
    <box label="Car" source="manual" occluded="0" xtl="1057.69" ytl="419.42" xbr="1688.10" ybr="705.00" z_order="0">
    </box>
    <box label="Person" source="manual" occluded="1" xtl="0.00" ytl="383.68" xbr="113.79" ybr="758.25" z_order="0">
    </box>
    <box label="Person" source="manual" occluded="0" xtl="394.83" ytl="405.14" xbr="535.91" ybr="771.41" z_order="0">
    </box>
    <box label="Person" source="manual" occluded="0" xtl="1084.21" ytl="425.19" xbr="1153.26" ybr="540.00" z_order="0">
    </box>
    <box label="Person" source="manual" occluded="0" xtl="1511.48" ytl="381.82" xbr="1748.80" ybr="936.80" z_order="0">
    </box>
    <box label="Person" source="manual" occluded="1" xtl="520.85" ytl="468.06" xbr="571.40" ybr="633.53" z_order="0">
    </box>
    <box label="Person" source="manual" occluded="1" xtl="563.25" ytl="436.06" xbr="608.16" ybr="647.50" z_order="0">
    </box>
  </image>
  <image id="25" name="03a8a190-a68f-4371-9eeb-679c49e8e46aPlanning-2023-04-image26.jpg" width="1168" height="659">
    <box label="Car" source="manual" occluded="1" xtl="131.22" ytl="62.93" xbr="172.66" ybr="74.41" z_order="0">
    </box>
    <box label="Car" source="manual" occluded="1" xtl="139.27" ytl="75.21" xbr="239.39" ybr="159.69" z_order="0">
    </box>
    <box label="Car" source="manual" occluded="1" xtl="511.79" ytl="56.37" xbr="568.57" ybr="111.40" z_order="0">
    </box>
    <box label="Car" source="manual" occluded="1" xtl="552.51" ytl="54.91" xbr="606.04" ybr="116.47" z_order="0">
    </box>
    <box label="Car" source="manual" occluded="1" xtl="672.67" ytl="72.20" xbr="698.17" ybr="89.75" z_order="0">
    </box>
    <box label="Car" source="manual" occluded="1" xtl="673.20" ytl="67.46" xbr="781.00" ybr="117.76" z_order="0">
    </box>
    <box label="Car" source="manual" occluded="1" xtl="215.46" ytl="79.44" xbr="240.01" ybr="104.71" z_order="0">
    </box>
    <box label="Person" source="manual" occluded="0" xtl="0.00" ytl="0.00" xbr="178.50" ybr="506.50" z_order="0">
    </box>
    <box label="Person" source="manual" occluded="0" xtl="331.75" ytl="243.50" xbr="625.46" ybr="594.89" z_order="0">
    </box>
    <box label="Person" source="manual" occluded="0" xtl="234.30" ytl="26.65" xbr="366.80" ybr="436.30" z_order="0">
    </box>
    <box label="Person" source="manual" occluded="0" xtl="454.35" ytl="27.91" xbr="580.40" ybr="388.20" z_order="0">
    </box>
    <box label="Person" source="manual" occluded="0" xtl="573.00" ytl="4.22" xbr="702.40" ybr="449.30" z_order="0">
    </box>
    <box label="Person" source="manual" occluded="1" xtl="312.03" ytl="29.27" xbr="391.20" ybr="368.50" z_order="0">
    </box>
    <box label="Person" source="manual" occluded="1" xtl="671.67" ytl="56.97" xbr="681.87" ybr="72.37" z_order="0">
    </box>
    <box label="Person" source="manual" occluded="1" xtl="686.21" ytl="59.87" xbr="711.31" ybr="116.56" z_order="0">
    </box>
    <box label="Person" source="manual" occluded="1" xtl="703.05" ytl="56.07" xbr="715.75" ybr="69.47" z_order="0">
    </box>
    <box label="Person" source="manual" occluded="1" xtl="714.15" ytl="53.27" xbr="724.95" ybr="67.87" z_order="0">
    </box>
    <box label="Person" source="manual" occluded="1" xtl="741.32" ytl="57.91" xbr="755.12" ybr="70.61" z_order="0">
    </box>
    <box label="Person" source="manual" occluded="1" xtl="759.72" ytl="61.10" xbr="770.02" ybr="69.41" z_order="0">
    </box>
    <box label="Person" source="manual" occluded="1" xtl="819.58" ytl="46.83" xbr="844.21" ybr="146.73" z_order="0">
    </box>
    <box label="Person" source="manual" occluded="1" xtl="887.40" ytl="52.20" xbr="901.40" ybr="67.01" z_order="0">
    </box>
    <box label="Person" source="manual" occluded="1" xtl="896.43" ytl="38.89" xbr="905.91" ybr="67.12" z_order="0">
    </box>
    <box label="Person" source="manual" occluded="1" xtl="928.56" ytl="29.19" xbr="946.56" ybr="63.20" z_order="0">
    </box>
    <box label="Person" source="manual" occluded="1" xtl="939.46" ytl="28.67" xbr="949.56" ybr="62.77" z_order="0">
    </box>
    <box label="Person" source="manual" occluded="1" xtl="1009.09" ytl="52.35" xbr="1021.99" ybr="65.15" z_order="0">
    </box>
    <box label="Person" source="manual" occluded="1" xtl="1004.19" ytl="54.00" xbr="1011.30" ybr="64.95" z_order="0">
    </box>
    <box label="Person" source="manual" occluded="1" xtl="1041.79" ytl="51.75" xbr="1049.09" ybr="62.55" z_order="0">
    </box>
    <box label="Person" source="manual" occluded="1" xtl="1052.39" ytl="52.25" xbr="1059.50" ybr="63.35" z_order="0">
    </box>
    <box label="Person" source="manual" occluded="0" xtl="902.10" ytl="32.62" xbr="946.84" ybr="150.80" z_order="0">
    </box>
  </image>
</annotations>
