<annotation>
  <folder></folder>
  <filename>03a8a190-a68f-4371-9eeb-679c49e8e46aPlanning-2023-04-image26.jpg</filename>
  <source>
    <database>Unknown</database>
    <annotation>Unknown</annotation>
    <image>Unknown</image>
  </source>
  <size>
    <width>1168</width>
    <height>659</height>
    <depth></depth>
  </size>
  <segmented>0</segmented>
  <object>
    <name>Car</name>
    <truncated>0</truncated>
    <occluded>1</occluded>
    <difficult>0</difficult>
    <bndbox>
      <xmin>131.22</xmin>
      <ymin>62.93</ymin>
      <xmax>172.66</xmax>
      <ymax>74.41</ymax>
    </bndbox>
    <attributes>
      <attribute>
        <name>rotation</name>
        <value>0.0</value>
      </attribute>
    </attributes>
  </object>
  <object>
    <name>Car</name>
    <truncated>0</truncated>
    <occluded>1</occluded>
    <difficult>0</difficult>
    <bndbox>
      <xmin>139.27</xmin>
      <ymin>75.21</ymin>
      <xmax>239.39</xmax>
      <ymax>159.69</ymax>
    </bndbox>
    <attributes>
      <attribute>
        <name>rotation</name>
        <value>0.0</value>
      </attribute>
    </attributes>
  </object>
  <object>
    <name>Car</name>
    <truncated>0</truncated>
    <occluded>1</occluded>
    <difficult>0</difficult>
    <bndbox>
      <xmin>511.79</xmin>
      <ymin>56.37</ymin>
      <xmax>568.57</xmax>
      <ymax>111.4</ymax>
    </bndbox>
    <attributes>
      <attribute>
        <name>rotation</name>
        <value>0.0</value>
      </attribute>
    </attributes>
  </object>
  <object>
    <name>Car</name>
    <truncated>0</truncated>
    <occluded>1</occluded>
    <difficult>0</difficult>
    <bndbox>
      <xmin>552.51</xmin>
      <ymin>54.91</ymin>
      <xmax>606.04</xmax>
      <ymax>116.47</ymax>
    </bndbox>
    <attributes>
      <attribute>
        <name>rotation</name>
        <value>0.0</value>
      </attribute>
    </attributes>
  </object>
  <object>
    <name>Car</name>
    <truncated>0</truncated>
    <occluded>1</occluded>
    <difficult>0</difficult>
    <bndbox>
      <xmin>672.67</xmin>
      <ymin>72.2</ymin>
      <xmax>698.17</xmax>
      <ymax>89.75</ymax>
    </bndbox>
    <attributes>
      <attribute>
        <name>rotation</name>
        <value>0.0</value>
      </attribute>
    </attributes>
  </object>
  <object>
    <name>Car</name>
    <truncated>0</truncated>
    <occluded>1</occluded>
    <difficult>0</difficult>
    <bndbox>
      <xmin>673.2</xmin>
      <ymin>67.46</ymin>
      <xmax>781.0</xmax>
      <ymax>117.76</ymax>
    </bndbox>
    <attributes>
      <attribute>
        <name>rotation</name>
        <value>0.0</value>
      </attribute>
    </attributes>
  </object>
  <object>
    <name>Car</name>
    <truncated>0</truncated>
    <occluded>1</occluded>
    <difficult>0</difficult>
    <bndbox>
      <xmin>215.46</xmin>
      <ymin>79.44</ymin>
      <xmax>240.01</xmax>
      <ymax>104.71</ymax>
    </bndbox>
    <attributes>
      <attribute>
        <name>rotation</name>
        <value>0.0</value>
      </attribute>
    </attributes>
  </object>
  <object>
    <name>Person</name>
    <truncated>0</truncated>
    <occluded>0</occluded>
    <difficult>0</difficult>
    <bndbox>
      <xmin>0.0</xmin>
      <ymin>0.0</ymin>
      <xmax>178.5</xmax>
      <ymax>506.5</ymax>
    </bndbox>
    <attributes>
      <attribute>
        <name>rotation</name>
        <value>0.0</value>
      </attribute>
    </attributes>
  </object>
  <object>
    <name>Person</name>
    <truncated>0</truncated>
    <occluded>0</occluded>
    <difficult>0</difficult>
    <bndbox>
      <xmin>331.75</xmin>
      <ymin>243.5</ymin>
      <xmax>625.46</xmax>
      <ymax>594.89</ymax>
    </bndbox>
    <attributes>
      <attribute>
        <name>rotation</name>
        <value>0.0</value>
      </attribute>
    </attributes>
  </object>
  <object>
    <name>Person</name>
    <truncated>0</truncated>
    <occluded>0</occluded>
    <difficult>0</difficult>
    <bndbox>
      <xmin>234.3</xmin>
      <ymin>26.65</ymin>
      <xmax>366.8</xmax>
      <ymax>436.3</ymax>
    </bndbox>
    <attributes>
      <attribute>
        <name>rotation</name>
        <value>0.0</value>
      </attribute>
    </attributes>
  </object>
  <object>
    <name>Person</name>
    <truncated>0</truncated>
    <occluded>0</occluded>
    <difficult>0</difficult>
    <bndbox>
      <xmin>454.35</xmin>
      <ymin>27.91</ymin>
      <xmax>580.4</xmax>
      <ymax>388.2</ymax>
    </bndbox>
    <attributes>
      <attribute>
        <name>rotation</name>
        <value>0.0</value>
      </attribute>
    </attributes>
  </object>
  <object>
    <name>Person</name>
    <truncated>0</truncated>
    <occluded>0</occluded>
    <difficult>0</difficult>
    <bndbox>
      <xmin>573.0</xmin>
      <ymin>4.22</ymin>
      <xmax>702.4</xmax>
      <ymax>449.3</ymax>
    </bndbox>
    <attributes>
      <attribute>
        <name>rotation</name>
        <value>0.0</value>
      </attribute>
    </attributes>
  </object>
  <object>
    <name>Person</name>
    <truncated>0</truncated>
    <occluded>1</occluded>
    <difficult>0</difficult>
    <bndbox>
      <xmin>312.03</xmin>
      <ymin>29.27</ymin>
      <xmax>391.2</xmax>
      <ymax>368.5</ymax>
    </bndbox>
    <attributes>
      <attribute>
        <name>rotation</name>
        <value>0.0</value>
      </attribute>
    </attributes>
  </object>
  <object>
    <name>Person</name>
    <truncated>0</truncated>
    <occluded>1</occluded>
    <difficult>0</difficult>
    <bndbox>
      <xmin>671.67</xmin>
      <ymin>56.97</ymin>
      <xmax>681.87</xmax>
      <ymax>72.37</ymax>
    </bndbox>
    <attributes>
      <attribute>
        <name>rotation</name>
        <value>0.0</value>
      </attribute>
    </attributes>
  </object>
  <object>
    <name>Person</name>
    <truncated>0</truncated>
    <occluded>1</occluded>
    <difficult>0</difficult>
    <bndbox>
      <xmin>686.21</xmin>
      <ymin>59.87</ymin>
      <xmax>711.31</xmax>
      <ymax>116.56</ymax>
    </bndbox>
    <attributes>
      <attribute>
        <name>rotation</name>
        <value>0.0</value>
      </attribute>
    </attributes>
  </object>
  <object>
    <name>Person</name>
    <truncated>0</truncated>
    <occluded>1</occluded>
    <difficult>0</difficult>
    <bndbox>
      <xmin>703.05</xmin>
      <ymin>56.07</ymin>
      <xmax>715.75</xmax>
      <ymax>69.47</ymax>
    </bndbox>
    <attributes>
      <attribute>
        <name>rotation</name>
        <value>0.0</value>
      </attribute>
    </attributes>
  </object>
  <object>
    <name>Person</name>
    <truncated>0</truncated>
    <occluded>1</occluded>
    <difficult>0</difficult>
    <bndbox>
      <xmin>714.15</xmin>
      <ymin>53.27</ymin>
      <xmax>724.95</xmax>
      <ymax>67.87</ymax>
    </bndbox>
    <attributes>
      <attribute>
        <name>rotation</name>
        <value>0.0</value>
      </attribute>
    </attributes>
  </object>
  <object>
    <name>Person</name>
    <truncated>0</truncated>
    <occluded>1</occluded>
    <difficult>0</difficult>
    <bndbox>
      <xmin>741.32</xmin>
      <ymin>57.91</ymin>
      <xmax>755.12</xmax>
      <ymax>70.61</ymax>
    </bndbox>
    <attributes>
      <attribute>
        <name>rotation</name>
        <value>0.0</value>
      </attribute>
    </attributes>
  </object>
  <object>
    <name>Person</name>
    <truncated>0</truncated>
    <occluded>1</occluded>
    <difficult>0</difficult>
    <bndbox>
      <xmin>759.72</xmin>
      <ymin>61.1</ymin>
      <xmax>770.02</xmax>
      <ymax>69.41</ymax>
    </bndbox>
    <attributes>
      <attribute>
        <name>rotation</name>
        <value>0.0</value>
      </attribute>
    </attributes>
  </object>
  <object>
    <name>Person</name>
    <truncated>0</truncated>
    <occluded>1</occluded>
    <difficult>0</difficult>
    <bndbox>
      <xmin>819.58</xmin>
      <ymin>46.83</ymin>
      <xmax>844.21</xmax>
      <ymax>146.73</ymax>
    </bndbox>
    <attributes>
      <attribute>
        <name>rotation</name>
        <value>0.0</value>
      </attribute>
    </attributes>
  </object>
  <object>
    <name>Person</name>
    <truncated>0</truncated>
    <occluded>1</occluded>
    <difficult>0</difficult>
    <bndbox>
      <xmin>887.4</xmin>
      <ymin>52.2</ymin>
      <xmax>901.4</xmax>
      <ymax>67.01</ymax>
    </bndbox>
    <attributes>
      <attribute>
        <name>rotation</name>
        <value>0.0</value>
      </attribute>
    </attributes>
  </object>
  <object>
    <name>Person</name>
    <truncated>0</truncated>
    <occluded>1</occluded>
    <difficult>0</difficult>
    <bndbox>
      <xmin>896.43</xmin>
      <ymin>38.89</ymin>
      <xmax>905.91</xmax>
      <ymax>67.12</ymax>
    </bndbox>
    <attributes>
      <attribute>
        <name>rotation</name>
        <value>0.0</value>
      </attribute>
    </attributes>
  </object>
  <object>
    <name>Person</name>
    <truncated>0</truncated>
    <occluded>1</occluded>
    <difficult>0</difficult>
    <bndbox>
      <xmin>928.56</xmin>
      <ymin>29.19</ymin>
      <xmax>946.56</xmax>
      <ymax>63.2</ymax>
    </bndbox>
    <attributes>
      <attribute>
        <name>rotation</name>
        <value>0.0</value>
      </attribute>
    </attributes>
  </object>
  <object>
    <name>Person</name>
    <truncated>0</truncated>
    <occluded>1</occluded>
    <difficult>0</difficult>
    <bndbox>
      <xmin>939.46</xmin>
      <ymin>28.67</ymin>
      <xmax>949.56</xmax>
      <ymax>62.77</ymax>
    </bndbox>
    <attributes>
      <attribute>
        <name>rotation</name>
        <value>0.0</value>
      </attribute>
    </attributes>
  </object>
  <object>
    <name>Person</name>
    <truncated>0</truncated>
    <occluded>1</occluded>
    <difficult>0</difficult>
    <bndbox>
      <xmin>1009.09</xmin>
      <ymin>52.35</ymin>
      <xmax>1021.99</xmax>
      <ymax>65.15</ymax>
    </bndbox>
    <attributes>
      <attribute>
        <name>rotation</name>
        <value>0.0</value>
      </attribute>
    </attributes>
  </object>
  <object>
    <name>Person</name>
    <truncated>0</truncated>
    <occluded>1</occluded>
    <difficult>0</difficult>
    <bndbox>
      <xmin>1004.19</xmin>
      <ymin>54.0</ymin>
      <xmax>1011.3</xmax>
      <ymax>64.95</ymax>
    </bndbox>
    <attributes>
      <attribute>
        <name>rotation</name>
        <value>0.0</value>
      </attribute>
    </attributes>
  </object>
  <object>
    <name>Person</name>
    <truncated>0</truncated>
    <occluded>1</occluded>
    <difficult>0</difficult>
    <bndbox>
      <xmin>1041.79</xmin>
      <ymin>51.75</ymin>
      <xmax>1049.09</xmax>
      <ymax>62.55</ymax>
    </bndbox>
    <attributes>
      <attribute>
        <name>rotation</name>
        <value>0.0</value>
      </attribute>
    </attributes>
  </object>
  <object>
    <name>Person</name>
    <truncated>0</truncated>
    <occluded>1</occluded>
    <difficult>0</difficult>
    <bndbox>
      <xmin>1052.39</xmin>
      <ymin>52.25</ymin>
      <xmax>1059.5</xmax>
      <ymax>63.35</ymax>
    </bndbox>
    <attributes>
      <attribute>
        <name>rotation</name>
        <value>0.0</value>
      </attribute>
    </attributes>
  </object>
  <object>
    <name>Person</name>
    <truncated>0</truncated>
    <occluded>0</occluded>
    <difficult>0</difficult>
    <bndbox>
      <xmin>902.1</xmin>
      <ymin>32.62</ymin>
      <xmax>946.84</xmax>
      <ymax>150.8</ymax>
    </bndbox>
    <attributes>
      <attribute>
        <name>rotation</name>
        <value>0.0</value>
      </attribute>
    </attributes>
  </object>
</annotation>
