<annotation>
  <folder>w1024-p16x9-2020-06-21T123149Z</folder>
  <filename>w1024-p16x9-2020-06-21T123149Z_473845416_RC2ODH9FBRPQ_RTRMADP_3_HEALTH-CORONAVIRUS-SPAIN-BORDERS.jpg</filename>
  <source>
    <database>Unknown</database>
    <annotation>Unknown</annotation>
    <image>Unknown</image>
  </source>
  <size>
    <width>1024</width>
    <height>576</height>
    <depth></depth>
  </size>
  <segmented>0</segmented>
  <object>
    <name>Person</name>
    <truncated>0</truncated>
    <occluded>1</occluded>
    <difficult>0</difficult>
    <bndbox>
      <xmin>644.6</xmin>
      <ymin>299.58</ymin>
      <xmax>786.0</xmax>
      <ymax>551.65</ymax>
    </bndbox>
    <attributes>
      <attribute>
        <name>rotation</name>
        <value>0.0</value>
      </attribute>
    </attributes>
  </object>
  <object>
    <name>Car</name>
    <truncated>0</truncated>
    <occluded>0</occluded>
    <difficult>0</difficult>
    <bndbox>
      <xmin>273.6</xmin>
      <ymin>142.76</ymin>
      <xmax>314.36</xmax>
      <ymax>181.79</ymax>
    </bndbox>
    <attributes>
      <attribute>
        <name>rotation</name>
        <value>0.0</value>
      </attribute>
    </attributes>
  </object>
  <object>
    <name>Car</name>
    <truncated>0</truncated>
    <occluded>1</occluded>
    <difficult>0</difficult>
    <bndbox>
      <xmin>338.7</xmin>
      <ymin>156.1</ymin>
      <xmax>362.12</xmax>
      <ymax>168.86</ymax>
    </bndbox>
    <attributes>
      <attribute>
        <name>rotation</name>
        <value>0.0</value>
      </attribute>
    </attributes>
  </object>
  <object>
    <name>Car</name>
    <truncated>0</truncated>
    <occluded>0</occluded>
    <difficult>0</difficult>
    <bndbox>
      <xmin>410.9</xmin>
      <ymin>140.87</ymin>
      <xmax>459.37</xmax>
      <ymax>175.12</ymax>
    </bndbox>
    <attributes>
      <attribute>
        <name>rotation</name>
        <value>0.0</value>
      </attribute>
    </attributes>
  </object>
  <object>
    <name>Car</name>
    <truncated>0</truncated>
    <occluded>1</occluded>
    <difficult>0</difficult>
    <bndbox>
      <xmin>456.9</xmin>
      <ymin>143.69</ymin>
      <xmax>487.5</xmax>
      <ymax>176.5</ymax>
    </bndbox>
    <attributes>
      <attribute>
        <name>rotation</name>
        <value>0.0</value>
      </attribute>
    </attributes>
  </object>
  <object>
    <name>Car</name>
    <truncated>0</truncated>
    <occluded>0</occluded>
    <difficult>0</difficult>
    <bndbox>
      <xmin>506.6</xmin>
      <ymin>168.2</ymin>
      <xmax>637.49</xmax>
      <ymax>256.88</ymax>
    </bndbox>
    <attributes>
      <attribute>
        <name>rotation</name>
        <value>0.0</value>
      </attribute>
    </attributes>
  </object>
  <object>
    <name>Car</name>
    <truncated>0</truncated>
    <occluded>0</occluded>
    <difficult>0</difficult>
    <bndbox>
      <xmin>671.2</xmin>
      <ymin>157.94</ymin>
      <xmax>755.6</xmax>
      <ymax>208.5</ymax>
    </bndbox>
    <attributes>
      <attribute>
        <name>rotation</name>
        <value>0.0</value>
      </attribute>
    </attributes>
  </object>
  <object>
    <name>Person</name>
    <truncated>0</truncated>
    <occluded>0</occluded>
    <difficult>0</difficult>
    <bndbox>
      <xmin>204.5</xmin>
      <ymin>139.62</ymin>
      <xmax>216.5</xmax>
      <ymax>183.0</ymax>
    </bndbox>
    <attributes>
      <attribute>
        <name>rotation</name>
        <value>0.0</value>
      </attribute>
    </attributes>
  </object>
  <object>
    <name>Person</name>
    <truncated>0</truncated>
    <occluded>0</occluded>
    <difficult>0</difficult>
    <bndbox>
      <xmin>641.6</xmin>
      <ymin>135.9</ymin>
      <xmax>657.16</xmax>
      <ymax>177.55</ymax>
    </bndbox>
    <attributes>
      <attribute>
        <name>rotation</name>
        <value>0.0</value>
      </attribute>
    </attributes>
  </object>
  <object>
    <name>Person</name>
    <truncated>0</truncated>
    <occluded>0</occluded>
    <difficult>0</difficult>
    <bndbox>
      <xmin>655.4</xmin>
      <ymin>142.79</ymin>
      <xmax>668.3</xmax>
      <ymax>178.79</ymax>
    </bndbox>
    <attributes>
      <attribute>
        <name>rotation</name>
        <value>0.0</value>
      </attribute>
    </attributes>
  </object>
  <object>
    <name>Person</name>
    <truncated>0</truncated>
    <occluded>0</occluded>
    <difficult>0</difficult>
    <bndbox>
      <xmin>221.25</xmin>
      <ymin>131.54</ymin>
      <xmax>264.39</xmax>
      <ymax>214.57</ymax>
    </bndbox>
    <attributes>
      <attribute>
        <name>rotation</name>
        <value>0.0</value>
      </attribute>
    </attributes>
  </object>
  <object>
    <name>Person</name>
    <truncated>0</truncated>
    <occluded>0</occluded>
    <difficult>0</difficult>
    <bndbox>
      <xmin>226.91</xmin>
      <ymin>155.47</ymin>
      <xmax>259.61</xmax>
      <ymax>300.3</ymax>
    </bndbox>
    <attributes>
      <attribute>
        <name>rotation</name>
        <value>0.0</value>
      </attribute>
    </attributes>
  </object>
  <object>
    <name>Person</name>
    <truncated>0</truncated>
    <occluded>0</occluded>
    <difficult>0</difficult>
    <bndbox>
      <xmin>263.1</xmin>
      <ymin>181.72</ymin>
      <xmax>304.16</xmax>
      <ymax>299.92</ymax>
    </bndbox>
    <attributes>
      <attribute>
        <name>rotation</name>
        <value>0.0</value>
      </attribute>
    </attributes>
  </object>
  <object>
    <name>Person</name>
    <truncated>0</truncated>
    <occluded>1</occluded>
    <difficult>0</difficult>
    <bndbox>
      <xmin>326.09</xmin>
      <ymin>180.27</ymin>
      <xmax>382.3</xmax>
      <ymax>275.99</ymax>
    </bndbox>
    <attributes>
      <attribute>
        <name>rotation</name>
        <value>0.0</value>
      </attribute>
    </attributes>
  </object>
  <object>
    <name>Person</name>
    <truncated>0</truncated>
    <occluded>1</occluded>
    <difficult>0</difficult>
    <bndbox>
      <xmin>357.8</xmin>
      <ymin>184.42</ymin>
      <xmax>415.29</xmax>
      <ymax>307.1</ymax>
    </bndbox>
    <attributes>
      <attribute>
        <name>rotation</name>
        <value>0.0</value>
      </attribute>
    </attributes>
  </object>
  <object>
    <name>Person</name>
    <truncated>0</truncated>
    <occluded>1</occluded>
    <difficult>0</difficult>
    <bndbox>
      <xmin>294.99</xmin>
      <ymin>263.79</ymin>
      <xmax>389.66</xmax>
      <ymax>548.46</ymax>
    </bndbox>
    <attributes>
      <attribute>
        <name>rotation</name>
        <value>0.0</value>
      </attribute>
    </attributes>
  </object>
  <object>
    <name>Person</name>
    <truncated>0</truncated>
    <occluded>1</occluded>
    <difficult>0</difficult>
    <bndbox>
      <xmin>386.93</xmin>
      <ymin>246.13</ymin>
      <xmax>494.57</xmax>
      <ymax>564.1</ymax>
    </bndbox>
    <attributes>
      <attribute>
        <name>rotation</name>
        <value>0.0</value>
      </attribute>
    </attributes>
  </object>
  <object>
    <name>Person</name>
    <truncated>0</truncated>
    <occluded>1</occluded>
    <difficult>0</difficult>
    <bndbox>
      <xmin>610.9</xmin>
      <ymin>432.2</ymin>
      <xmax>803.11</xmax>
      <ymax>576.0</ymax>
    </bndbox>
    <attributes>
      <attribute>
        <name>rotation</name>
        <value>0.0</value>
      </attribute>
    </attributes>
  </object>
  <object>
    <name>Person</name>
    <truncated>0</truncated>
    <occluded>1</occluded>
    <difficult>0</difficult>
    <bndbox>
      <xmin>751.8</xmin>
      <ymin>367.55</ymin>
      <xmax>927.14</xmax>
      <ymax>576.0</ymax>
    </bndbox>
    <attributes>
      <attribute>
        <name>rotation</name>
        <value>0.0</value>
      </attribute>
    </attributes>
  </object>
  <object>
    <name>Person</name>
    <truncated>0</truncated>
    <occluded>1</occluded>
    <difficult>0</difficult>
    <bndbox>
      <xmin>726.47</xmin>
      <ymin>271.66</ymin>
      <xmax>825.05</xmax>
      <ymax>467.2</ymax>
    </bndbox>
    <attributes>
      <attribute>
        <name>rotation</name>
        <value>0.0</value>
      </attribute>
    </attributes>
  </object>
</annotation>
