<?xml version="1.0" encoding="utf-8"?>
<annotations>
  <version>1.1</version>
  <meta>
    <job>
      <id>3</id>
      <size>11</size>
      <mode>annotation</mode>
      <overlap>0</overlap>
      <bugtracker></bugtracker>
      <created>2026-02-05 08:01:27.213561+00:00</created>
      <updated>2026-02-05 10:48:09.977096+00:00</updated>
      <subset>default</subset>
      <start_frame>0</start_frame>
      <stop_frame>10</stop_frame>
      <frame_filter></frame_filter>
      <segments>
        <segment>
          <id>3</id>
          <start>0</start>
          <stop>10</stop>
          <url>http://localhost:8080/api/jobs/3</url>
        </segment>
      </segments>
      <owner>
        <username>emman_fosu</username>
        <email>emmanuel.fosuduffour@gmail.com</email>
      </owner>
      <assignee></assignee>
      <labels>
        <label>
          <name>Car</name>
          <color>#32b7fa</color>
          <type>cuboid</type>
          <attributes>
          </attributes>
        </label>
      </labels>
    </job>
    <dumped>2026-02-05 10:51:33.426321+00:00</dumped>
  </meta>
  <image id="0" name="cars-go-along-the-highway-the-movement-of-cars-on-the-road-with-markings-car-traffic-view-from-above-2GF715G.jpg" width="1300" height="957">
    <cuboid label="Car" source="manual" occluded="0" xtl1="350.10" ytl1="352.14" xbl1="350.10" ybl1="411.68" xtr1="565.33" ytr1="372.68" xbr1="565.33" ybr1="432.28" xtl2="659.68" ytl2="106.36" xbl2="659.68" ybl2="160.30" xtr2="464.77" ytr2="88.01" xbr2="464.77" ybr2="141.91" z_order="0">
    </cuboid>
    <cuboid label="Car" source="manual" occluded="0" xtl1="628.43" ytl1="701.71" xbl1="628.43" ybl1="783.19" xtr1="831.00" ytr1="724.17" xbr1="831.00" ybr1="805.71" xtl2="892.46" ytl2="401.34" xbl2="892.46" ybl2="482.78" xtr2="690.09" ytr2="379.11" xbr2="690.09" ybr2="460.49" z_order="0">
    </cuboid>
    <cuboid label="Car" source="manual" occluded="0" xtl1="787.07" ytl1="190.43" xbl1="787.07" ybl1="247.31" xtr1="971.37" ytr1="208.19" xbr1="971.37" ybr1="265.11" xtl2="1005.54" ytl2="5.35" xbl2="1005.54" ybl2="62.17" xtr2="821.57" ytr2="-12.17" xbr2="821.57" ybr2="44.59" z_order="0">
    </cuboid>
  </image>
  <image id="1" name="red-car-vehicle-highway-sunset-drive_169016-68504.avif" width="740" height="493">
    <cuboid label="Car" source="manual" occluded="0" xtl1="271.57" ytl1="311.05" xbl1="271.57" ybl1="410.33" xtr1="402.37" ytr1="315.60" xbr1="402.37" ybr1="414.99" xtl2="439.11" ytl2="307.96" xbl2="439.11" ybl2="385.74" xtr2="336.70" ytr2="304.40" xbr2="336.70" ybr2="382.12" z_order="0">
    </cuboid>
  </image>
  <image id="2" name="highway-car-road-9847859.webp" width="800" height="630">
    <cuboid label="Car" source="manual" occluded="0" xtl1="31.89" ytl1="449.29" xbl1="31.89" ybl1="553.78" xtr1="244.27" ytr1="448.66" xbr1="244.27" ybr1="553.22" xtl2="261.27" ytl2="380.59" xbl2="261.27" ybl2="484.50" xtr2="50.21" ytr2="381.27" xbr2="50.21" ybr2="485.11" z_order="0">
    </cuboid>
    <cuboid label="Car" source="manual" occluded="0" xtl1="396.42" ytl1="528.04" xbl1="396.42" ybl1="569.48" xtr1="617.97" ytr1="527.72" xbr1="617.97" ybr1="569.19" xtl2="614.77" ytl2="389.37" xbl2="614.77" ybl2="430.78" xtr2="393.55" ytr2="389.79" xbr2="393.55" ybr2="431.17" z_order="0">
    </cuboid>
    <cuboid label="Car" source="manual" occluded="0" xtl1="561.75" ytl1="270.90" xbl1="561.75" ybl1="301.46" xtr1="757.04" ytr1="271.28" xbr1="757.04" ybr1="301.86" xtl2="761.57" ytl2="141.08" xbl2="761.57" ybl2="171.63" xtr2="566.40" ytr2="140.78" xbr2="566.40" ybr2="171.32" z_order="0">
    </cuboid>
    <cuboid label="Car" source="manual" occluded="0" xtl1="196.39" ytl1="74.37" xbl1="196.39" ybl1="180.29" xtr1="341.23" ytr1="75.05" xbr1="341.23" ybr1="181.05" xtl2="355.46" ytl2="48.65" xbl2="355.46" ybl2="154.56" xtr2="210.74" ytr2="48.00" xbr2="210.74" ybr2="153.82" z_order="0">
    </cuboid>
    <cuboid label="Car" source="manual" occluded="0" xtl1="465.65" ytl1="169.59" xbl1="465.65" ybl1="186.52" xtr1="624.13" ytr1="169.58" xbr1="624.13" ybr1="186.52" xtl2="631.49" ytl2="64.98" xbl2="631.49" ybl2="81.90" xtr2="473.30" ytr2="65.10" xbr2="473.30" ybr2="82.00" z_order="0">
    </cuboid>
  </image>
  <image id="3" name="1140-cars-on-highway.jpg" width="1140" height="655">
    <cuboid label="Car" source="manual" occluded="0" xtl1="168.36" ytl1="258.25" xbl1="168.36" ybl1="327.43" xtr1="319.65" ytr1="259.32" xbr1="319.65" ybr1="328.57" xtl2="337.94" ytl2="187.31" xbl2="337.94" ybl2="256.43" xtr2="186.92" ytr2="186.31" xbr2="186.92" ybr2="255.36" z_order="0">
    </cuboid>
    <cuboid label="Car" source="manual" occluded="1" xtl1="567.11" ytl1="556.61" xbl1="567.11" ybl1="586.21" xtr1="833.44" ytr1="554.92" xbr1="833.44" ybr1="584.56" xtl2="848.22" ytl2="630.71" xbl2="848.22" ybl2="660.28" xtr2="582.55" ytr2="632.29" xbr2="582.55" ybr2="661.82" z_order="0">
    </cuboid>
    <cuboid label="Car" source="manual" occluded="0" xtl1="551.99" ytl1="202.90" xbl1="551.99" ybl1="311.56" xtr1="710.05" ytr1="208.32" xbr1="710.05" ybr1="317.10" xtl2="696.35" ytl2="155.82" xbl2="696.35" ybl2="264.38" xtr2="538.61" ytr2="150.46" xbr2="538.61" ybr2="258.91" z_order="0">
    </cuboid>
    <cuboid label="Car" source="manual" occluded="0" xtl1="851.91" ytl1="150.57" xbl1="851.91" ybl1="269.28" xtr1="999.01" ytr1="153.30" xbr1="999.01" ybr1="272.11" xtl2="972.06" ytl2="119.55" xbl2="972.06" ybl2="238.23" xtr2="825.13" ytr2="116.85" xbr2="825.13" ybr2="235.43" z_order="0">
    </cuboid>
    <cuboid label="Car" source="manual" occluded="0" xtl1="933.98" ytl1="334.36" xbl1="933.98" ybl1="478.96" xtr1="1131.81" ytr1="337.89" xbr1="1131.81" ybr1="482.61" xtl2="1098.92" ytl2="291.22" xbl2="1098.92" ybl2="435.74" xtr2="901.37" ytr2="287.72" xbr2="901.37" ybr2="432.14" z_order="0">
    </cuboid>
    <cuboid label="Car" source="manual" occluded="0" xtl1="349.81" ytl1="49.94" xbl1="349.81" ybl1="99.40" xtr1="464.90" ytr1="50.43" xbr1="464.90" ybr1="99.96" xtl2="472.74" ytl2="5.04" xbl2="472.74" ybl2="54.48" xtr2="357.84" ytr2="4.62" xbr2="357.84" ybr2="53.99" z_order="0">
    </cuboid>
  </image>
  <image id="5" name="depositphotos_5192250-stock-photo-highway-with-some-cars-passing.jpg" width="1024" height="683">
    <cuboid label="Car" source="manual" occluded="0" xtl1="115.56" ytl1="317.75" xbl1="115.56" ybl1="372.04" xtr1="207.84" ytr1="315.59" xbr1="207.84" ybr1="369.97" xtl2="214.26" ytl2="305.53" xbl2="214.26" ybl2="359.71" xtr2="122.31" ytr2="307.69" xbr2="122.31" ybr2="361.80" z_order="0">
    </cuboid>
    <cuboid label="Car" source="manual" occluded="0" xtl1="676.07" ytl1="272.85" xbl1="676.07" ybl1="341.75" xtr1="771.32" ytr1="270.84" xbr1="771.32" ybr1="339.84" xtl2="761.70" ytl2="258.20" xbl2="761.70" ybl2="324.04" xtr2="670.81" ytr2="260.13" xbr2="670.81" ybr2="325.89" z_order="0">
    </cuboid>
    <cuboid label="Car" source="manual" occluded="0" xtl1="825.78" ytl1="289.58" xbl1="825.78" ybl1="343.61" xtr1="909.73" ytr1="287.11" xbr1="909.73" ybr1="341.22" xtl2="895.37" ytl2="266.29" xbl2="895.37" ybl2="317.65" xtr2="815.71" ytr2="268.67" xbr2="815.71" ybr2="319.94" z_order="0">
    </cuboid>
    <cuboid label="Car" source="manual" occluded="0" xtl1="751.31" ytl1="172.55" xbl1="751.31" ybl1="221.32" xtr1="803.94" ytr1="173.58" xbr1="803.94" ybr1="222.45" xtl2="786.56" ytl2="158.81" xbl2="786.56" ybl2="204.33" xtr2="737.57" ytr2="157.88" xbr2="737.57" ybr2="203.31" z_order="0">
    </cuboid>
    <cuboid label="Car" source="manual" occluded="0" xtl1="636.36" ytl1="52.01" xbl1="636.36" ybl1="81.02" xtr1="668.60" ytr1="52.15" xbr1="668.60" ybr1="81.13" xtl2="666.05" ytl2="50.12" xbl2="666.05" ybl2="76.53" xtr2="636.66" ytr2="49.99" xbr2="636.66" ybr2="76.43" z_order="0">
    </cuboid>
    <cuboid label="Car" source="manual" occluded="0" xtl1="626.52" ytl1="31.51" xbl1="626.52" ybl1="50.61" xtr1="656.32" ytr1="31.33" xbr1="656.32" ybr1="50.41" xtl2="656.32" ytl2="31.12" xbl2="656.32" ybl2="50.08" xtr2="626.72" ytr2="31.30" xbr2="626.72" ybr2="50.28" z_order="0">
    </cuboid>
    <cuboid label="Car" source="manual" occluded="0" xtl1="252.78" ytl1="375.25" xbl1="252.78" ybl1="420.33" xtr1="359.33" ytr1="375.18" xbr1="359.33" ybr1="420.20" xtl2="365.48" ytl2="333.68" xbl2="365.48" ybl2="378.58" xtr2="259.23" ytr2="333.70" xbr2="259.23" ybr2="378.65" z_order="0">
    </cuboid>
  </image>
  <image id="6" name="istockphoto-157775302-612x612.jpg" width="612" height="406">
    <cuboid label="Car" source="manual" occluded="0" xtl1="299.41" ytl1="118.67" xbl1="299.41" ybl1="300.80" xtr1="523.40" ytr1="113.38" xbr1="523.40" ybr1="295.63" xtl2="476.17" ytl2="115.60" xbl2="476.17" ybl2="288.19" xtr2="264.07" ytr2="120.61" xbr2="264.07" ybr2="293.10" z_order="0">
    </cuboid>
  </image>
  <image id="7" name="free-video-854671.jpg" width="1920" height="1080">
    <cuboid label="Car" source="manual" occluded="0" xtl1="1412.36" ytl1="647.99" xbl1="1412.36" ybl1="866.99" xtr1="1701.93" ytr1="632.99" xbr1="1701.93" ybr1="852.09" xtl2="1635.60" ytl2="601.01" xbl2="1635.60" ybl2="802.85" xtr2="1368.86" ytr2="614.84" xbr2="1368.86" ybr2="816.60" z_order="0">
    </cuboid>
    <cuboid label="Car" source="manual" occluded="0" xtl1="1031.63" ytl1="344.84" xbl1="1031.63" ybl1="536.04" xtr1="1255.61" ytr1="339.66" xbr1="1255.61" ybr1="530.96" xtl2="1216.95" ytl2="337.62" xbl2="1216.95" ybl2="514.79" xtr2="1009.53" ytr2="342.42" xbr2="1009.53" ybr2="519.50" z_order="0">
    </cuboid>
    <cuboid label="Car" source="manual" occluded="0" xtl1="313.29" ytl1="271.60" xbl1="313.29" ybl1="363.79" xtr1="449.40" ytr1="272.13" xbr1="449.40" ybr1="364.43" xtl2="449.36" ytl2="271.08" xbl2="449.36" ybl2="363.18" xtr2="313.54" ytr2="270.55" xbr2="313.54" ybr2="362.54" z_order="0">
    </cuboid>
    <cuboid label="Car" source="manual" occluded="0" xtl1="445.73" ytl1="309.33" xbl1="445.73" ybl1="370.59" xtr1="562.43" ytr1="307.81" xbr1="562.43" ybr1="369.16" xtl2="561.87" ytl2="306.99" xbl2="561.87" ybl2="368.14" xtr2="445.55" ytr2="308.51" xbr2="445.55" ybr2="369.56" z_order="0">
    </cuboid>
    <cuboid label="Car" source="manual" occluded="0" xtl1="910.71" ytl1="815.46" xbl1="910.71" ybl1="1055.55" xtr1="1238.93" ytr1="799.80" xbr1="1238.93" ybr1="1039.99" xtl2="1214.51" ytl2="760.89" xbl2="1214.51" ybl2="1000.90" xtr2="886.55" ytr2="776.56" xbr2="886.55" ybr2="1016.46" z_order="0">
    </cuboid>
    <cuboid label="Car" source="manual" occluded="0" xtl1="748.48" ytl1="527.63" xbl1="748.48" ybl1="736.77" xtr1="1033.11" ytr1="521.95" xbr1="1033.11" ybr1="731.20" xtl2="1013.68" ytl2="512.34" xbl2="1013.68" ybl2="717.01" xtr2="735.30" ytr2="517.90" xbr2="735.30" ybr2="722.46" z_order="0">
    </cuboid>
    <cuboid label="Car" source="manual" occluded="0" xtl1="673.35" ytl1="463.07" xbl1="673.35" ybl1="618.61" xtr1="905.84" ytr1="464.30" xbr1="905.84" ybr1="619.92" xtl2="880.54" ytl2="422.29" xbl2="880.54" ybl2="576.83" xtr2="649.69" ytr2="421.10" xbr2="649.69" ybr2="575.55" z_order="0">
    </cuboid>
    <cuboid label="Car" source="manual" occluded="0" xtl1="566.35" ytl1="336.38" xbl1="566.35" ybl1="501.49" xtr1="779.19" ytr1="335.18" xbr1="779.19" ybr1="500.41" xtl2="756.76" ytl2="318.50" xbl2="756.76" ybl2="483.51" xtr2="544.23" ytr2="319.71" xbr2="544.23" ybr2="484.60" z_order="0">
    </cuboid>
  </image>
  <image id="8" name="38109030-some-cars-on-a-wet-highway-in-germany.jpg" width="1300" height="866">
    <cuboid label="Car" source="manual" occluded="0" xtl1="596.50" ytl1="377.54" xbl1="596.50" ybl1="479.81" xtr1="739.45" ytr1="390.62" xbr1="739.45" ybr1="492.97" xtl2="789.29" ytl2="347.54" xbl2="789.29" ybl2="442.32" xtr2="656.87" ytr2="335.45" xbr2="656.87" ybr2="430.16" z_order="0">
    </cuboid>
    <cuboid label="Car" source="manual" occluded="0" xtl1="543.46" ytl1="231.48" xbl1="543.46" ybl1="317.05" xtr1="637.18" ytr1="237.07" xbr1="637.18" ybr1="322.74" xtl2="674.15" ytl2="218.32" xbl2="674.15" ybl2="292.20" xtr2="593.29" ytr2="213.52" xbr2="593.29" ybr2="287.33" z_order="0">
    </cuboid>
    <cuboid label="Car" source="manual" occluded="0" xtl1="1038.70" ytl1="245.11" xbl1="1038.70" ybl1="338.59" xtr1="1153.80" ytr1="248.78" xbr1="1153.80" ybr1="342.35" xtl2="1168.31" ytl2="218.48" xbl2="1168.31" ybl2="311.79" xtr2="1053.51" ytr2="214.86" xbr2="1053.51" ybr2="308.08" z_order="0">
    </cuboid>
    <cuboid label="Car" source="manual" occluded="0" xtl1="944.91" ytl1="43.78" xbl1="944.91" ybl1="98.67" xtr1="1006.00" ytr1="46.73" xbr1="1006.00" ybr1="101.73" xtl2="1019.11" ytl2="40.44" xbl2="1019.11" ybl2="91.55" xtr2="962.31" ytr2="37.71" xbr2="962.31" ybr2="88.72" z_order="0">
    </cuboid>
  </image>
  <image id="9" name="10google2-jumbo.webp" width="1024" height="681">
    <cuboid label="Car" source="manual" occluded="0" xtl1="458.44" ytl1="305.54" xbl1="458.44" ybl1="432.65" xtr1="584.43" ytr1="298.85" xbr1="584.43" ybr1="426.09" xtl2="543.59" ytl2="276.21" xbl2="543.59" ybl2="397.63" xtr2="423.40" ytr2="282.62" xbr2="423.40" ybr2="403.93" z_order="0">
    </cuboid>
    <cuboid label="Car" source="manual" occluded="0" xtl1="510.20" ytl1="208.42" xbl1="510.20" ybl1="307.99" xtr1="622.59" ytr1="207.50" xbr1="622.59" ybr1="307.17" xtl2="584.00" ytl2="193.88" xbl2="584.00" ybl2="287.79" xtr2="478.13" ytr2="194.75" xbr2="478.13" ybr2="288.58" z_order="0">
    </cuboid>
    <cuboid label="Car" source="manual" occluded="0" xtl1="296.31" ytl1="116.29" xbl1="296.31" ybl1="191.18" xtr1="372.80" ytr1="116.20" xbr1="372.80" ybr1="191.17" xtl2="348.46" ytl2="107.12" xbl2="348.46" ybl2="177.71" xtr2="276.45" ytr2="107.21" xbr2="276.45" ybr2="177.73" z_order="0">
    </cuboid>
    <cuboid label="Car" source="manual" occluded="0" xtl1="189.63" ytl1="76.17" xbl1="189.63" ybl1="120.48" xtr1="247.36" ytr1="74.95" xbr1="247.36" ybr1="119.35" xtl2="227.49" ytl2="68.44" xbl2="227.49" ybl2="109.85" xtr2="173.68" ytr2="69.60" xbr2="173.68" ybr2="110.92" z_order="0">
    </cuboid>
    <cuboid label="Car" source="manual" occluded="0" xtl1="907.27" ytl1="202.23" xbl1="907.27" ybl1="275.37" xtr1="985.12" ytr1="205.03" xbr1="985.12" ybr1="278.26" xtl2="928.60" ytl2="188.96" xbl2="928.60" ybl2="262.00" xtr2="851.01" ytr2="186.18" xbr2="851.01" ybr2="259.14" z_order="0">
    </cuboid>
    <cuboid label="Car" source="manual" occluded="0" xtl1="744.70" ytl1="102.32" xbl1="744.70" ybl1="145.56" xtr1="794.10" ytr1="101.29" xbr1="794.10" ybr1="144.63" xtl2="761.95" ytl2="93.19" xbl2="761.95" ybl2="136.37" xtr2="712.80" ytr2="94.24" xbr2="712.80" ybr2="137.32" z_order="0">
    </cuboid>
    <cuboid label="Car" source="manual" occluded="0" xtl1="632.70" ytl1="87.76" xbl1="632.70" ybl1="144.82" xtr1="695.70" ytr1="88.07" xbr1="695.70" ybr1="145.23" xtl2="671.61" ytl2="82.62" xbl2="671.61" ybl2="139.59" xtr2="608.85" ytr2="82.32" xbr2="608.85" ybr2="139.19" z_order="0">
    </cuboid>
    <cuboid label="Car" source="manual" occluded="0" xtl1="539.90" ytl1="50.98" xbl1="539.90" ybl1="87.96" xtr1="581.59" ytr1="51.80" xbr1="581.59" ybr1="88.90" xtl2="557.63" ytl2="49.51" xbl2="557.63" ybl2="83.08" xtr2="519.96" ytr2="48.77" xbr2="519.96" ybr2="82.25" z_order="0">
    </cuboid>
    <cuboid label="Car" source="manual" occluded="0" xtl1="424.99" ytl1="37.24" xbl1="424.99" ybl1="76.18" xtr1="476.99" ytr1="38.62" xbr1="476.99" ybr1="77.66" xtl2="460.31" ytl2="34.14" xbl2="460.31" ybl2="71.92" xtr2="410.03" ytr2="32.82" xbr2="410.03" ybr2="70.50" z_order="0">
    </cuboid>
    <cuboid label="Car" source="manual" occluded="0" xtl1="324.44" ytl1="42.74" xbl1="324.44" ybl1="76.92" xtr1="371.24" ytr1="43.15" xbr1="371.24" ybr1="77.43" xtl2="358.06" ytl2="37.57" xbl2="358.06" ybl2="71.66" xtr2="311.56" ytr2="37.18" xbr2="311.56" ybr2="71.17" z_order="0">
    </cuboid>
    <cuboid label="Car" source="manual" occluded="1" xtl1="249.11" ytl1="-0.99" xbl1="249.11" ybl1="20.48" xtr1="281.51" ytr1="0.22" xbr1="281.51" ybr1="21.80" xtl2="270.09" ytl2="0.07" xbl2="270.09" ybl2="19.53" xtr2="240.91" ytr2="-1.02" xbr2="240.91" ybr2="18.35" z_order="0">
    </cuboid>
    <cuboid label="Car" source="manual" occluded="0" xtl1="87.60" ytl1="126.96" xbl1="87.60" ybl1="347.22" xtr1="265.01" ytr1="125.70" xbr1="265.01" ybr1="346.08" xtl2="223.38" ytl2="113.03" xbl2="223.38" ybl2="310.25" xtr2="64.61" ytr2="114.16" xbr2="64.61" ybr2="311.29" z_order="0">
    </cuboid>
    <cuboid label="Car" source="manual" occluded="0" xtl1="28.28" ytl1="59.91" xbl1="28.28" ybl1="115.84" xtr1="89.50" ytr1="59.84" xbr1="89.50" ybr1="115.86" xtl2="75.87" ytl2="54.96" xbl2="75.87" ybl2="105.44" xtr2="20.73" ytr2="55.03" xbr2="20.73" ybr2="105.43" z_order="0">
    </cuboid>
    <cuboid label="Car" source="manual" occluded="1" xtl1="-0.76" ytl1="26.11" xbl1="-0.76" ybl1="70.93" xtr1="27.59" ytr1="26.47" xbr1="27.59" ybr1="71.39" xtl2="21.76" ytl2="22.49" xbl2="21.76" ybl2="67.23" xtr2="-6.46" ytr2="22.13" xbr2="-6.46" ybr2="66.78" z_order="0">
    </cuboid>
    <cuboid label="Car" source="manual" occluded="0" xtl1="288.32" ytl1="415.86" xbl1="288.32" ybl1="523.15" xtr1="413.49" ytr1="415.54" xbr1="413.49" ybr1="522.90" xtl2="377.33" ytl2="386.86" xbl2="377.33" ybl2="493.36" xtr2="253.18" ytr2="387.20" xbr2="253.18" ybr2="493.63" z_order="0">
    </cuboid>
    <cuboid label="Car" source="manual" occluded="1" xtl1="1.45" ytl1="511.41" xbl1="1.45" ybl1="683.21" xtr1="333.59" ytr1="511.07" xbr1="333.59" ybr1="682.96" xtl2="262.04" ytl2="425.64" xbl2="262.04" ybl2="597.35" xtr2="-69.72" ytr2="426.02" xbr2="-69.72" ybr2="597.64" z_order="0">
    </cuboid>
    <cuboid label="Car" source="manual" occluded="1" xtl1="487.62" ytl1="13.12" xbl1="487.62" ybl1="52.32" xtr1="534.08" ytr1="14.53" xbr1="534.08" ybr1="53.83" xtl2="513.98" ytl2="12.58" xbl2="513.98" ybl2="47.52" xtr2="472.70" ytr2="11.34" xbr2="472.70" ybr2="46.20" z_order="0">
    </cuboid>
  </image>
</annotations>
